sound_key,majority_spelling,majority_count,minority_spellings,minority_total_count,n_variants,correction
පුලුවන්,පුළුවන්,1670,පුලුවන්:241,241,2,පුළුවන්
වුනා,වුණා,688,වුනා:119,119,2,වුණා
වුනත්,වුණත්,145,වුනත්:106,106,2,වුණත්
තිබුනා,තිබුණා,414,තිබුනා:88,88,2,තිබුණා
වුනොත්,වුණොත්,73,වුනොත්:47,47,2,වුණොත්
ගෑනු,ගෑනු,53,ගෑණු:46,46,2,ගෑනු
තිබුනේ,තිබුණේ,268,තිබුනේ:45,45,2,තිබුණේ
හිතුනා,හිතුනා,47,හිතුණා:42,42,2,හිතුණා
වුන,වුන,65,වුණ:41,41,2,වුණ
ගානක්,ගානක්,55,ගාණක්:36,36,2,ගාණක්
පිලිබඳ,පිළිබඳ,1042,පිලිබඳ:31,31,2,පිළිබඳ
ගනන්,ගණන්,135,ගනන්:30,30,2,ගණන්
වුනාට,වුණාට,65,වුනාට:30,30,2,වුණාට
වුනේ,වුණේ,347,වුනේ:26,26,2,වුණේ
ගානේ,ගාණේ,57,ගානේ:24,24,2,ගාණේ
තිබුනත්,තිබුණත්,38,තිබුනත්:22,22,2,තිබුණත්
ප්රශ්නයක්,ප්රශ්නයක්,213,ප්රශ්ණයක්:20,20,2,ප්‍රශ්නයක්
ගැහැනු,ගැහැනු,22,ගැහැණු:19,19,2,ගැහැනු
බැන,බැන,23,බැණ:19,19,2,බැන
පැහැදිලි,පැහැදිලි,467,පැහැදිළි:17,17,2,පැහැදිලි
සුලු,සුළු,140,සුලු:17,17,2,සුළු
ලැබුනා,ලැබුණා,103,ලැබුනා:17,17,2,ලැබුණා
ලැබුන,ලැබුණ,43,ලැබුන:16,16,2,ලැබුණ
පමනක්,පමණක්,468,පමනක්:15,15,2,පමණක්
තිබුනොත්,තිබුණොත්,17,තිබුනොත්:14,14,2,තිබුණොත්
ඉක්මනින්,ඉක්මනින්,89,ඉක්මණින්:14,14,2,ඉක්මනින්
හිතුන,හිතුණ,18,හිතුන:14,14,2,හිතුණ
එකල,එකල,150,එකළ:13,13,2,එකල
පිලිතුරු,පිළිතුරු,134,පිලිතුරු:12,12,2,පිළිතුරු
පලමු,පළමු,133,පලමු:11,11,2,පළමු
ලැබුනු,ලැබුණු,89,ලැබුනු:11,11,2,ලැබුණු
තේරුනා,තේරුණා,24,තේරුනා:11,11,2,තේරුණා
ඉක්මනට,ඉක්මනට,117,ඉක්මණට:11,11,2,ඉක්මනට
උනු,උණු,29,උනු:11,11,2,උණු
කලින්,කලින්,448,කළින්:10,10,2,කලින්
වලක්වා,වළක්වා,29,වලක්වා:10,10,2,වළක්වා
නොකල,නොකළ,100,නොකල:10,10,2,නොකළ
පුලුවනි,පුළුවනි,73,පුලුවනි:9,9,2,පුළුවනි
ප්රශ්නවලට,ප්රශ්නවලට,48,ප්රශ්ණවලට:9,9,2,ප්‍රශ්නවලට
දියුනු,දියුණු,275,දියුනු:9,9,2,දියුණු
දැනුනා,දැනුනා,7,දැණුනා:6;දැනුණා:3,9,3,දැනුණා
කලු,කළු,69,කලු:9,9,2,කළු
සැලසුම්,සැලසුම්,81,සැළසුම්:9,9,2,සැලසුම්
කනගාටුවට,කණගාටුවට,11,කනගාටුවට:9,9,2,කණගාටුවට
පාලි,පාලි,86,පාළි:9,9,2,පාලි
ඇතුලු,ඇතුළු,222,ඇතුලු:8,8,2,ඇතුළු
පහල,පහළ,299,පහල:8,8,2,පහළ
යලි,යළි,107,යලි:8,8,2,යළි
වැටුනා,වැටුණා,12,වැටුනා:8,8,2,වැටුණා
නොවුනු,නොවුනු,9,නොවුණු:8,8,2,නොවුණු
වුනානම්,වුනානම්,8,වුණානම්:8,8,2,වුනානම්
කරුනු,කරුණු,412,කරුනු:7,7,2,කරුණු
ගිනි,ගිනි,110,ගිණි:7,7,2,ගිනි
වුනාද,වුනාද,7,වුණාද:7,7,2,වුනාද
ලැබුනොත්,ලැබුණොත්,11,ලැබුනොත්:7,7,2,ලැබුණොත්
සිදුවුනු,සිදුවුණු,8,සිදුවුනු:7,7,2,සිදුවුණු
සිංහල,සිංහල,997,සිංහළ:6,6,2,සිංහල
මුන,මුණ,57,මුන:6,6,2,මුණ
පලාත්,පළාත්,94,පලාත්:6,6,2,පළාත්
පුලුවන්කම,පුළුවන්කම,44,පුලුවන්කම:6,6,2,පුළුවන්කම
තිබුනු,තිබුණු,140,තිබුනු:6,6,2,තිබුණු
මිල,මිල,153,මිළ:6,6,2,මිල
සරල,සරල,129,සරළ:6,6,2,සරල
රැජින,රැජින,7,රැජිණ:6,6,2,රැජින
නොසලකා,නොසලකා,32,නොසළකා:6,6,2,නොසලකා
කල්යාන,කල්යාණ,20,කළ්යාණ:6,6,2,කල්යාණ
බැවිනි,බැවිනි,77,බැවිණි:6,6,2,බැවිනි
ක්රමානුකූල,ක්රමානුකූල,15,ක්රමාණුකූල:6,6,2,ක්‍රමානුකූල
ලැබුනේ,ලැබුණේ,84,ලැබුනේ:5,5,2,ලැබුණේ
මුහුන,මුහුණ,238,මුහුන:5,5,2,මුහුණ
වදාල,වදාළ,102,වදාල:5,5,2,වදාළ
මූලික,මූලික,212,මූළික:5,5,2,මූලික
කරනු,කරනු,264,කරණු:5,5,2,කරනු
නිලධාරීන්,නිලධාරීන්,54,නිළධාරීන්:5,5,2,නිලධාරීන්
ගානට,ගානට,25,ගාණට:5,5,2,ගාණට
කාරනේ,කාරණේ,16,කාරනේ:5,5,2,කාරණේ
ආවේනික,ආවේණික,18,ආවේනික:5,5,2,ආවේණික
තේරුනේ,තේරුණේ,19,තේරුනේ:5,5,2,තේරුණේ
කන්ඩ,කන්ඩ,5,ඛණ්ඩ:4;කණ්ඩ:1,5,3,කණ්ඩ
පටහැනි,පටහැනි,15,පටහැණි:5,5,2,පටහැනි
ලූනු,ලූනු,3,ලූණු:3;ළූණු:2,5,3,ලූනු
පිලිගත්,පිළිගත්,36,පිලිගත්:5,5,2,පිළිගත්
නැතිවුනොත්,නැතිවුනොත්,6,නැතිවුණොත්:5,5,2,නැතිවුණොත්
තිබුනට,තිබුනට,7,තිබුණට:5,5,2,තිබුනට
සැනින්,සැණින්,13,සැනින්:5,5,2,සැණින්
හෙලි,හෙළි,79,හෙලි:5,5,2,හෙළි
ගැහැනියක්,ගැහැනියක්,7,ගැහැණියක්:5,5,2,ගැහැනියක්
ලියැවුනු,ලියැවුණු,10,ලියැවුනු:5,5,2,ලියැවුණු
වුනහ,වුණහ,6,වුනහ:5,5,2,වුණහ
පනහක්,පනහක්,7,පණහක්:5,5,2,පනහක්
දැනුනේ,දැනුණේ,20,දැනුනේ:5,5,2,දැනුණේ
කනගාටු,කණගාටු,13,කනගාටු:5,5,2,කනගාටු
නොනැවතුනු,නොනැවතුණු,5,නොනැවතුනු:5,5,2,නොනැවතුණු
කෙලවර,කෙළවර,34,කෙලවර:5,5,2,කෙළවර
මැරුන,මැරුණ,15,මැරුන:5,5,2,මැරුණ
ඉපදුනා,ඉපදුණා,7,ඉපදුනා:5,5,2,ඉපදුණා
කරලා,කරලා,1382,කරළා:4,4,2,කරලා
සලකන්න,සලකන්න,13,සළකන්න:4,4,2,සලකන්න
ලක්ෂන,ලක්ෂණ,121,ලක්ෂන:4,4,2,ලක්ෂණ
කාරනා,කාරණා,95,කාරනා:4,4,2,කාරණා
තිබිනි,තිබිණි,91,තිබිනි:4,4,2,තිබිණි
කාලේ,කාලේ,414,කාළේ:4,4,2,කාලේ
බැඳුනු,බැඳුණු,15,බැඳුනු:4,4,2,බැඳුණු
මූන,මූණ,31,මූන:4,4,2,මූණ
කැනීම්,කැණීම්,9,කැනීම්:4,4,2,කැණීම්
ලාමක,ලාමක,12,ළාමක:4,4,2,ළාමක
ලමයා,ළමයා,31,ලමයා:4,4,2,ළමයා
උදාහරනයක්,උදාහරණයක්,87,උදාහරනයක්:4,4,2,උදාහරණයක්
කොලයක්,කොළයක්,4,කොලයක්:4,4,2,කොළයක්
පරන,පරණ,108,පරන:4,4,2,පරණ
අලුතෙන්,අලුතෙන්,48,අළුතෙන්:4,4,2,අලුතෙන්
හෙන,හෙන,43,හෙණ:4,4,2,හෙණ
පිලිවෙලින්,පිළිවෙලින්,10,පිළිවෙළින්:3;පිලිවෙලින්:1,4,3,පිළිවෙළින්
විකුනන්න,විකුණන්න,21,විකුනන්න:4,4,2,විකුණන්න
ලමයි,ළමයි,91,ලමයි:4,4,2,ළමයි
හිතුනේ,හිතුණේ,17,හිතුනේ:4,4,2,හිතුණේ
ඉහලට,ඉහළට,38,ඉහලට:4,4,2,ඉහළට
වලාකුලු,වළාකුළු,18,වලාකුළු:4,4,2,වළාකුළු
කොන්ඩේ,කොන්ඩේ,14,කොණ්ඩේ:4,4,2,කොණ්ඩේ
ලඟදි,ලඟදි,6,ළඟදි:4,4,2,ළඟදි
සලකා,සලකා,85,සළකා:4,4,2,සලකා
පුලුවන්නෙ,පුලුවන්නෙ,9,පුළුවන්නෙ:4,4,2,පුලුවන්නෙ
නොගැලපෙන,නොගැලපෙන,10,නොගැළපෙන:4,4,2,නොගැළපෙන
කොලේ,කොලේ,6,කොළේ:4,4,2,කොලේ
නොවුනත්,නොවුනත්,12,නොවුණත්:4,4,2,නොවුණත්
හැරුන,හැරුණ,7,හැරුන:4,4,2,හැරුණ
වැටුන,වැටුන,9,වැටුණ:4,4,2,වැටුන
පිලිබිඹු,පිළිබිඹු,24,පිලිබිඹු:4,4,2,පිළිබිඹු
වෙලදපොල,වෙලදපොල,3,වෙළදපොල:3;වෙළදපොළ:1,4,3,වෙලදපොල
නුවනින්,නුවණින්,61,නුවනින්:4,4,2,නුවණින්
කුකුලන්,කුකුළන්,5,කුකුලන්:4,4,2,කුකුළන්
සැලකිලි,සැලකිලි,8,සැළකිළි:2;සැළකිලි:2,4,3,සැලකිලි
දොලොස්,දොළොස්,20,දොලොස්:4,4,2,දොළොස්
ඉටුකල,ඉටුකළ,8,ඉටුකල:4,4,2,ඉටුකළ
පලි,පලි,17,පළි:4,4,2,පලි
ගැනු,ගැනු,5,ගැණු:4,4,2,ගැනු
පුලුවන්කමක්,පුළුවන්කමක්,16,පුලුවන්කමක්:4,4,2,පුළුවන්කමක්
කෙලවරක්,කෙළවරක්,6,කෙලවරක්:4,4,2,කෙළවරක්
ඇතුලෙන්,ඇතුලෙන්,4,ඇතුළෙන්:4,4,2,ඇතුලෙන්
වෙරලට,වෙරළට,7,වෙරලට:4,4,2,වෙරළට
ගොලු,ගොළු,20,ගොලු:4,4,2,ගොළු
පෙලෙන,පෙළෙන,15,පෙලෙන:4,4,2,පෙළෙන
පිටසක්වල,පිටසක්වල,6,පිටසක්වළ:4,4,2,පිටසක්වල
බනින,බනින,12,බණින:4,4,2,බනින
මොනරාගල,මොනරාගල,5,මොණරාගල:4,4,2,මොනරාගල
යෙදුන,යෙදුන,9,යෙදුණ:4,4,2,යෙදුන
ඊලාම්,ඊළාම්,5,ඊලාම්:4,4,2,ඊළාම්
විකුනා,විකුණා,18,විකුනා:4,4,2,විකුණා
යුවල,යුවළ,8,යුවල:4,4,2,යුවළ
පෙලෙනවා,පෙළෙනවා,4,පෙලෙනවා:4,4,2,පෙළෙනවා
විහිදුනු,විහිදුණු,5,විහිදුනු:4,4,2,විහිදුණු
කිලිටි,කිළිටි,6,කිලිටි:4,4,2,කිළිටි
ලැබුනෙ,ලැබුණෙ,11,ලැබුනෙ:4,4,2,ලැබුණෙ
කසල,කසළ,4,කසල:4,4,2,කසළ
සිතුවිලි,සිතුවිලි,28,සිතුවිළි:4,4,2,සිතුවිලි
අනර්ග,අනර්ඝ,9,අනර්ග:4,4,2,අනර්ඝ
කනගාටුයි,කනගාටුයි,7,කණගාටුයි:4,4,2,කනගාටුයි
කන්නාඩි,කණ්ණාඩි,6,කන්නාඩි:4,4,2,කණ්ණාඩි
කෙලෙහිගුන,කෙලෙහිගුණ,5,කෙළෙහිගුණ:4,4,2,කෙලෙහිගුණ
විහිලුවට,විහිලුවට,4,විහිළුවට:4,4,2,විහිලුවට
කිරන,කිරන,4,කිරණ:4,4,2,කිරන
පිලිවෙලක්,පිළිවෙළක්,29,පිලිවෙලක්:3,3,2,පිළිවෙළක්
පමන,පමණ,243,පමන:3,3,2,පමණ
පොලොවේ,පොළොවේ,25,පොලොවේ:3,3,2,පොළොවේ
බුදුරජානන්,බුදුරජාණන්,1027,බුදුරජානන්:3,3,2,බුදුරජාණන්
වැලකීම,වැලකීම,4,වැළකීම:3,3,2,වැලකීම
පරිගනක,පරිගණක,33,පරිගනක:2;පරිඝණක:1,3,3,පරිගණක
ඇඟිලි,ඇඟිලි,16,ඇඟිළි:3,3,2,ඇඟිලි
කරුන,කරුණ,53,කරුන:3,3,2,කරුණ
ගනනකට,ගණනකට,21,ගනනකට:3,3,2,ගණනකට
ගනන,ගණන,33,ගනන:3,3,2,ගණන
කන්ඩායම,කණ්ඩායම,50,කන්ඩායම:3,3,2,කණ්ඩායම
යාලුවොත්,යාලුවොත්,6,යාළුවොත්:3,3,2,යාලුවොත්
සැලකිලිමත්,සැලකිලිමත්,26,සැළකිළිමත්:3,3,2,සැලකිලිමත්
පරිගනකයක්,පරිගණකයක්,3,පරිගනකයක්:3,3,2,පරිගණකයක්
පිලියෙල,පිළියෙල,15,පිළියෙළ:3,3,2,පිළියෙල
ඇතිවුනු,ඇතිවුණු,12,ඇතිවුනු:3,3,2,ඇතිවුණු
නිලධාරීන්ට,නිලධාරීන්ට,16,නිළධාරීන්ට:3,3,2,නිලධාරීන්ට
තීරන,තීරණ,53,තීරන:3,3,2,තීරණ
ගනනාවක්,ගණනාවක්,84,ගනනාවක්:3,3,2,ගණනාවක්
ගනනක්,ගණනක්,76,ගනනක්:3,3,2,ගණනක්
බනින්න,බනින්න,8,බණින්න:3,3,2,බනින්න
ක්ෂනික,ක්ෂණික,17,ක්ෂනික:3,3,2,ක්ෂණික
ගාන,ගාන,25,ගාණ:3,3,2,ගාන
න,න,4,ණ:3,3,2,න
සීග්ර,සීඝ්ර,4,සීග්ර:3,3,2,සීඝ්‍ර
පැමිනෙන,පැමිණෙන,61,පැමිනෙන:3,3,2,පැමිණෙන
ලඟම,ළඟම,7,ලඟම:3,3,2,ළඟම
කැප්පෙටිපොල,කැප්පෙටිපොල,6,කැප්පෙටිපොළ:3,3,2,කැප්පෙටිපොල
ඔලුවෙන්,ඔලුවෙන්,9,ඔළුවෙන්:3,3,2,ඔලුවෙන්
අඩාල,අඩාල,6,අඩාළ:3,3,2,අඩාල
කුනු,කුණු,34,කුනු:3,3,2,කුණු
දරුනු,දරුණු,69,දරුනු:3,3,2,දරුණු
ගනුදෙනුවක්,ගනුදෙනුවක්,6,ගණුදෙනුවක්:3,3,2,ගනුදෙනුවක්
ගැලපෙනවා,ගැලපෙනවා,5,ගැළපෙනවා:3,3,2,ගැලපෙනවා
ගාමිනී,ගාමිණී,37,ගාමිනී:3,3,2,ගාමිණී
මාලු,මාළු,44,මාලු:3,3,2,මාළු
නොවුනොත්,නොවුනොත්,4,නොවුණොත්:3,3,2,නොවුණොත්
කලහම,කලහම,4,කළහම:3,3,2,කලහම
වැඩපිලිවෙලක්,වැඩපිළිවෙළක්,27,වැඩපිලිවෙලක්:3,3,2,වැඩපිළිවෙළක්
හෙලිදරව්,හෙළිදරව්,37,හෙලිදරව්:3,3,2,හෙළිදරව්
හැදුනා,හැදුනා,6,හැදුණා:3,3,2,හැදුණා
ඇහැලේපොල,ඇහැලේපොළ,3,ඇහැළේපොළ:3,3,2,ඇහැලේපොළ
හදාරන,හදාරන,10,හදාරණ:3,3,2,හදාරන
පිලිගන්නා,පිළිගන්නා,21,පිලිගන්නා:3,3,2,පිළිගන්නා
කිතුනු,කිතුනු,6,කිතුණු:3,3,2,කිතුනු
ඉපදුනු,ඉපදුණු,10,ඉපදුනු:3,3,2,ඉපදුණු
දර්ශනයට,දර්ශනයට,15,දර්ශණයට:3,3,2,දර්ශනයට
වැලැක්වීමට,වැළැක්වීමට,7,වැලැක්වීමට:3,3,2,වැළැක්වීමට
රන්ඩු,රණ්ඩු,8,රන්ඩු:3,3,2,රණ්ඩු
අකිල,අකිල,21,අඛිල:3,3,2,අකිල
ගනං,ගණං,5,ගනං:3,3,2,ගණං
මනින්න,මනින්න,8,මණින්න:3,3,2,මනින්න
පලකල,පළකල,3,පලකල:3,3,2,පළකල
පෙන,පෙන,4,පෙණ:3,3,2,පෙන
ශිල්පිනියක්,ශිල්පිනියක්,12,ශිල්පිණියක්:3,3,2,ශිල්පිනියක්
මැලි,මැලි,13,මැළි:3,3,2,මැලි
මරනවා,මරනවා,8,මරණවා:3,3,2,මරනවා
විලි,විලි,8,විළි:3,3,2,විලි
රැඳුනු,රැඳුණු,4,රැඳුනු:3,3,2,රැඳුණු
ඉපදුන,ඉපදුන,19,ඉපදුණ:3,3,2,ඉපදුන
ගර්භනී,ගර්භනී,4,ගර්භණී:3,3,2,ගර්භනී
විකුනලා,විකුණලා,5,විකුනලා:3,3,2,විකුණලා
බැඳුන,බැඳුණ,4,බැඳුන:3,3,2,බැඳුණ
හැදුනු,හැදුනු,7,හැදුණු:3,3,2,හැදුනු
ගුරුත්වාකර්ෂන,ගුරුත්වාකර්ෂණ,10,ගුරුත්වාකර්ෂන:3,3,2,ගුරුත්වාකර්ෂණ
කුනුහරුප,කුණුහරුප,8,කුනුහරුප:3,3,2,කුණුහරුප
තොටුපලේ,තොටුපළේ,5,තොටුපලේ:3,3,2,තොටුපළේ
හිතුනු,හිතුනු,4,හිතුණු:3,3,2,හිතුණු
සිව්වනක්,සිව්වනක්,15,සිව්වණක්:3,3,2,සිව්වනක්
කලිසම,කලිසම,4,කළිසම:3,3,2,කලිසම
මහන,මහණ,22,මහන:3,3,2,මහණ
වදාරන,වදාරණ,3,වදාරන:3,3,2,වදාරණ
දැනුනු,දැනුණු,5,දැනුනු:3,3,2,දැනුණු
පොලොවට,පොළොවට,23,පොලොවට:3,3,2,පොළොවට
ලියවුනු,ලියවුනු,9,ලියවුණු:3,3,2,ලියවුණු
වැදුනු,වැදුණු,6,වැදුනු:3,3,2,වැදුණු
කලුතර,කළුතර,11,කලුතර:3,3,2,කළුතර
වැටුනොත්,වැටුණොත්,3,වැටුනොත්:3,3,2,වැටුණොත්
තුනුරුවන්,තුණුරුවන්,7,තුනුරුවන්:3,3,2,තුණුරුවන්
කලකිරීමක්,කලකිරීමක්,9,කළකිරීමක්:3,3,2,කලකිරීමක්
සැලකීම,සැලකීම,18,සැළකීම:3,3,2,සැලකීම
කලෙත්,කලෙත්,5,කළෙත්:3,3,2,කලෙත්
කැලේට,කැළේට,3,කැලේට:3,3,2,කැළේට
සලකන්නට,සලකන්නට,3,සළකන්නට:3,3,2,සලකන්නට
මොලයක්,මොලයක්,11,මොළයක්:3,3,2,මොලයක්
වැලඳගත්,වැළඳගත්,5,වැලඳගත්:3,3,2,වැළඳගත්
විහිදුන,විහිදුන,5,විහිදුණ:3,3,2,විහිදුන
වල්පොල,වල්පොල,5,වල්පොළ:3,3,2,වල්පොල
පරිගනකයේ,පරිගණකයේ,3,පරිඝනකයේ:3,3,2,පරිගණකයේ
ගැටලුවලට,ගැටලුවලට,10,ගැටළුවලට:3,3,2,ගැටලුවලට
කෙල,කෙළ,16,කෙල:3,3,2,කෙළ
ඇහැලියගොඩ,ඇහැලියගොඩ,5,ඇහැළියගොඩ:3,3,2,ඇහැලියගොඩ
වැටහුනා,වැටහුනා,6,වැටහුණා:3,3,2,වැටහුනා
බිඳුනු,බිඳුනු,4,බිඳුණු:3,3,2,බිඳුනු
වන,වන,2383,වණ:2,2,2,වන
ලමයින්,ළමයින්,27,ලමයින්:2,2,2,ළමයින්
පිනිස,පිණිස,244,පිනිස:2,2,2,පිණිස
කාලයේ,කාලයේ,282,කාළයේ:2,2,2,කාලයේ
ප්රශ්නය,ප්රශ්නය,167,ප්රශ්ණය:2,2,2,ප්‍රශ්නය
භාන්ඩ,භාණ්ඩ,45,භාන්ඩ:2,2,2,භාණ්ඩ
ලිපි,ලිපි,116,ළිපි:2,2,2,ලිපි
සරන,සරණ,86,සරන:2,2,2,සරණ
ලා,ලා,64,ළා:2,2,2,ලා
කාරනය,කාරණය,99,කාරනය:2,2,2,කාරණය
ලමයෙක්ට,ළමයෙක්ට,3,ලමයෙක්ට:2,2,2,ළමයෙක්ට
දකුනු,දකුණු,126,දකුනු:2,2,2,දකුණු
මරලා,මරලා,31,මරළා:2,2,2,මරලා
පලකරයි,පළකරයි,5,පලකරයි:2,2,2,පළකරයි
පහලොවක්,පහළොවක්,12,පහලොවක්:2,2,2,පහළොවක්
අසරන,අසරණ,54,අසරන:2,2,2,අසරණ
මුල,මුල,131,මුළ:2,2,2,මුල
තුලත්,තුළත්,9,තුලත්:2,2,2,තුළත්
පනත,පනත,25,පණත:2,2,2,පනත
පිලිබඳව,පිළිබඳව,40,පිලිබඳව:2,2,2,පිළිබඳව
ඉදිකල,ඉදිකළ,11,ඉදිකල:2,2,2,ඉදිකළ
අප්රිකානු,අප්රිකානු,17,අප්රිකාණු:2,2,2,අප්‍රිකානු
වුනු,වුණු,72,වුනු:2,2,2,වුණු
පොලොව,පොළොව,65,පොලොව:2,2,2,පොළොව
ගෙවුනු,ගෙවුනු,3,ගෙවුණු:2,2,2,ගෙවුණු
දැනුම,දැනුම,175,දැණුම:2,2,2,දැනුම
ලකුනු,ලකුණු,63,ළකුණු:2,2,2,ලකුණු
උදාහරන,උදාහරණ,34,උදාහරන:2,2,2,උදාහරණ
මිනිස්සුන්ට,මිනිස්සුන්ට,97,මිණිස්සුන්ට:2,2,2,මිනිස්සුන්ට
පොලී,පොලී,8,පොළී:2,2,2,පොලී
මුලින්,මුලින්,235,මුළින්:2,2,2,මුලින්
ඉහල,ඉහළ,193,ඉහල:2,2,2,ඉහළ
පිලිසරන,පිළිසරණ,11,පිලිසරණ:2,2,2,පිළිසරණ
පමනයි,පමණයි,129,පමනයි:2,2,2,පමණයි
දරනු,දරනු,8,දරණු:2,2,2,දරනු
වැලලී,වැළලී,6,වැලලී:2,2,2,වැළලී
උලෙලේ,උළෙලේ,9,උලෙළේ:2,2,2,උළෙලේ
පැහැදිලියි,පැහැදිලියි,29,පැහැදිළියි:2,2,2,පැහැදිලියි
ලගදි,ලගදි,3,ළගදි:2,2,2,ලගදි
පලු,පලු,9,පළු:2,2,2,පලු
අරමුනක්,අරමුණක්,32,අරමුනක්:2,2,2,අරමුණක්
සම්පූර්නයෙන්,සම්පූර්ණයෙන්,100,සම්පූර්නයෙන්:2,2,2,සම්පූර්ණයෙන්
අලුයම,අලුයම,24,අළුයම:2,2,2,අලුයම
ලුනු,ලුණු,26,ලුනු:2,2,2,ලුණු
ගැටලුකාරී,ගැටලුකාරී,9,ගැටළුකාරී:2,2,2,ගැටලුකාරී
ඔලුව,ඔළුව,27,ඔලුව:2,2,2,ඔළුව
යෙදුනු,යෙදුණු,7,යෙදුනු:2,2,2,යෙදුණු
තිබුනි,තිබුණි,84,තිබුනි:2,2,2,තිබුණි
වලක්වගන්න,වළක්වගන්න,3,වලක්වගන්න:2,2,2,වළක්වගන්න
ලිං,ළිං,5,ලිං:2,2,2,ළිං
නොකලොත්,නොකලොත්,5,නොකළොත්:2,2,2,නොකලොත්
පැමින,පැමිණ,163,පැමින:2,2,2,පැමිණ
වෙලඳපොල,වෙළඳපොල,4,වෙළඳපොළ:2,2,2,වෙළඳපොල
පැන,පැන,114,පැණ:2,2,2,පැන
පිල,පිල,4,පිළ:2,2,2,පිල
වැටුනු,වැටුණු,20,වැටුනු:2,2,2,වැටුණු
පිලිවෙල,පිළිවෙල,5,පිළිවෙළ:2,2,2,පිළිවෙල
පනවන්න,පනවන්න,3,පණවන්න:2,2,2,පනවන්න
නුවන,නුවණ,28,නුවන:2,2,2,නුවණ
විකුනනවා,විකුණනවා,6,විකුනනවා:2,2,2,විකුණනවා
විකුනන,විකුණන,22,විකුනන:2,2,2,විකුණන
ප්රශ්නයේ,ප්රශ්නයේ,4,ප්රශ්ණයේ:2,2,2,ප්‍රශ්නයේ
පොලිය,පොළිය,11,පොලිය:2,2,2,පොළිය
කාලකන්නි,කාලකන්නි,8,කාලකන්ණි:1;කාලකණ්නි:1,2,3,කාලකන්නි
ලැබිනි,ලැබිණි,38,ලැබිනි:2,2,2,ලැබිණි
සැලසුම,සැලසුම,11,සැළසුම:2,2,2,සැලසුම
පිලිගන්නට,පිළිගන්නට,8,පිලිගන්නට:2,2,2,පිළිගන්නට
වුනි,වුණි,3,වුනි:2,2,2,වුණි
හැරුනු,හැරුණු,18,හැරුනු:2,2,2,හැරුණු
බමුනු,බමුණු,29,බමුනු:2,2,2,බමුණු
එලෙස,එලෙස,107,එළෙස:2,2,2,එලෙස
කන්,කන්,32,කණ්:2,2,2,කන්
පනහකට,පනහකට,3,පණහකට:2,2,2,පනහකට
කලහ,කළහ,186,කලහ:2,2,2,කළහ
යෙදුනාහ,යෙදුනාහ,3,යෙදුණාහ:2,2,2,යෙදුනාහ
ඉපදුනේ,ඉපදුණේ,9,ඉපදුනේ:2,2,2,ඉපදුණේ
නිර්වාන,නිර්වාණ,14,නිර්වාන:2,2,2,නිර්වාණ
අපිලිවෙල,අපිළිවෙල,4,අපිළිවෙළ:1;අපිලිවෙල:1,2,3,අපිළිවෙල
මාලිගා,මාලිගා,4,මාළිගා:2,2,2,මාලිගා
නිලියන්,නිළියන්,7,නිලියන්:2,2,2,නිළියන්
පිලිගෙන,පිළිගෙන,30,පිලිගෙන:2,2,2,පිළිගෙන
කුලුනු,කුළුණු,8,කුලුණු:2,2,2,කුළුණු
කැලනියේ,කැලණියේ,4,කැලනියේ:2,2,2,කැලණියේ
කලාතුරකින්,කලාතුරකින්,23,කළාතුරකින්:2,2,2,කලාතුරකින්
තේරුනොත්,තේරුනොත්,4,තේරුණොත්:2,2,2,තේරුනොත්
අලුත,අලුත,9,අළුත:2,2,2,අලුත
මාලිගාවට,මාලිගාවට,6,මාළිගාවට:2,2,2,මාලිගාවට
සලකති,සළකති,7,සලකති:2,2,2,සළකති
නොතිබුනා,නොතිබුනා,4,නොතිබුණා:2,2,2,නොතිබුණා
අපමන,අපමණ,14,අපමන:2,2,2,අපමණ
පෙලපාලි,පෙළපාළි,7,පෙළපාලි:2,2,2,පෙළපාලි
මොනරා,මොනරා,3,මොණරා:2,2,2,මොනරා
නිර්මානයක්,නිර්මාණයක්,76,නිර්මානයක්:2,2,2,නිර්මාණයක්
සිදුකල,සිදුකළ,36,සිදුකල:2,2,2,සිදුකළ
ප්රචන්ඩකාරී,ප්රචණ්ඩකාරී,4,ප්රචන්ඩකාරී:2,2,2,ප්‍රචණ්ඩකාරී
දන,දන,11,දණ:2,2,2,දන
අසාධාරනයක්,අසාධාරණයක්,16,අසාධාරනයක්:2,2,2,අසාධාරණයක්
නිවුනු,නිවුණු,7,නිවුනු:2,2,2,නිවුණු
සැලකුවේ,සැලකුවේ,4,සැළකුවේ:2,2,2,සැලකුවේ
නිලියක්,නිළියක්,18,නිලියක්:2,2,2,නිළියක්
පොල,පොළ,4,පොල:2,2,2,පොළ
වැදුනහ,වැදුණහ,4,වැදුනහ:2,2,2,වැදුණහ
වින,වින,7,විණ:2,2,2,වින
එකෙනෙහි,එකෙනෙහි,3,එකෙණෙහි:2,2,2,එකෙනෙහි
කිරුල,කිරුළ,15,කිරුල:2,2,2,කිරුළ
සලකුනු,සලකුණු,19,සළකුණු:2,2,2,සලකුණු
හුනු,හුණු,13,හුනු:2,2,2,හුණු
එලා,එලා,4,එළා:2,2,2,එලා
තුලයි,තුළයි,11,තුලයි:2,2,2,තුළයි
කරුනා,කරුණා,27,කරුනා:2,2,2,කරුණා
හෙලන,හෙලන,8,හෙළන:2,2,2,හෙලන
නොතිබුනත්,නොතිබුණත්,8,නොතිබුනත්:2,2,2,නොතිබුණත්
ගැහැනියක,ගැහැණියක,3,ගැහැනියක:2,2,2,ගැහැණියක
රාවනා,රාවණා,15,රාවනා:2,2,2,රාවණා
නිරූපන,නිරූපණ,5,නිරූපන:2,2,2,නිරූපණ
පලමුවෙනි,පළමුවෙනි,9,පලමුවෙනි:2,2,2,පළමුවෙනි
නිපුන,නිපුණ,6,නිපුන:2,2,2,නිපුණ
ඇතිවුන,ඇතිවුණ,3,ඇතිවුන:2,2,2,ඇතිවුණ
කරලියට,කරලියට,7,කරළියට:2,2,2,කරලියට
පමනට,පමණට,5,පමනට:2,2,2,පමණට
යලිත්,යළිත්,65,යලිත්:2,2,2,යළිත්
පාලමේ,පාලමේ,9,පාළමේ:2,2,2,පාලමේ
කුනාටු,කුණාටු,3,කුනාටු:2,2,2,කුණාටු
ලිහිනි,ලිහිනි,3,ලිහිණි:2,2,2,ලිහිනි
සෑදුනු,සෑදුණු,4,සෑදුනු:2,2,2,සෑදුණු
පිලිතුරක්,පිළිතුරක්,40,පිලිතුරක්:2,2,2,පිළිතුරක්
අරුනිට,අරුණිට,4,අරුනිට:2,2,2,අරුණිට
පලකරන,පළකරන,3,පලකරන:2,2,2,පළකරන
වුනානේ,වුණානේ,4,වුනානේ:2,2,2,වුණානේ
ඇනයක්,ඇනයක්,3,ඇණයක්:2,2,2,ඇනයක්
ගෙල,ගෙල,3,ගෙළ:2,2,2,ගෙල
කනගාටුව,කනගාටුව,11,කණගාටුව:2,2,2,කනගාටුව
ලැබුනත්,ලැබුණත්,4,ලැබුනත්:2,2,2,ලැබුණත්
ගැටලුවේ,ගැටලුවේ,4,ගැටළුවේ:2,2,2,ගැටලුවේ
එබැවිනි,එබැවිනි,16,එබැවිණි:2,2,2,එබැවිනි
පාලුවට,පාළුවට,6,පාලුවට:2,2,2,පාළුවට
දර්ශනයකි,දර්ශනයකි,7,දර්ශණයකි:2,2,2,දර්ශනයකි
තිබුනද,තිබුණද,25,තිබුනද:2,2,2,තිබුණද
නොකලේ,නොකළේ,8,නොකලේ:2,2,2,නොකළේ
මිනිය,මිනිය,7,මිණිය:2,2,2,මිනිය
බැදුනු,බැදුණු,3,බැදුනු:2,2,2,බැදුණු
බලන්ගොඩ,බළන්ගොඩ,10,බලන්ගොඩ:2,2,2,බළන්ගොඩ
තිබුනනෙ,තිබුනනෙ,4,තිබුණනෙ:2,2,2,තිබුනනෙ
කකුලට,කකුලට,3,කකුළට:2,2,2,කකුලට
මොල,මොළ,3,මොල:2,2,2,මොළ
උදලු,උදලු,3,උදළු:2,2,2,උදලු
ගැසුනි,ගැසුනි,4,ගැසුණි:2,2,2,ගැසුනි
පින්ඩපාතේ,පිණ්ඩපාතේ,4,පින්ඩපාතේ:2,2,2,පිණ්ඩපාතේ
කලාපයට,කලාපයට,4,කළාපයට:2,2,2,කලාපයට
මිනුම්,මිනුම්,5,මිණුම්:2,2,2,මිනුම්
කැකුලු,කැකුළු,4,කැකුලු:2,2,2,කැකුළු
දුර්වල,දුර්වල,25,දුර්වළ:2,2,2,දුර්වල
ලාබාල,ළාබාල,4,ලාබාල:2,2,2,ළාබාල
කනගාටුවක්,කනගාටුවක්,4,කණගාටුවක්:2,2,2,කනගාටුවක්
රනතුංග,රණතුංග,6,රනතුංග:2,2,2,රණතුංග
මොලෙන්,මොළෙන්,4,මොලෙන්:2,2,2,මොළෙන්
කන්නා,ඛන්නා,4,කන්නා:2,2,2,ඛන්නා
කනගාටුවෙන්,කණගාටුවෙන්,6,කනගාටුවෙන්:2,2,2,කණගාටුවෙන්
කනිෂ්ඨ,කනිෂ්ඨ,5,කණිෂ්ඨ:2,2,2,කනිෂ්ඨ
මූනු,මූණු,8,මූනු:2,2,2,මූණු
සලකයි,සලකයි,4,සළකයි:2,2,2,සලකයි
පොලවේ,පොළවේ,5,පොලවේ:2,2,2,පොළවේ
කුමන්ත්රන,කුමන්ත්රණ,7,කුමණ්ත්රණ:1;කුමන්ත්රන:1,2,3,කුමන්ත්‍රණ
පරාල,පරාළ,3,පරාල:2,2,2,පරාළ
සමනල,සමනල,7,සමනළ:2,2,2,සමනල
තොටුපොල,තොටුපොල,4,තොටුපොළ:2,2,2,තොටුපොල
බිහිසුනු,බිහිසුණු,17,බිහිසුනු:2,2,2,බිහිසුණු
පෙනුනි,පෙනුණි,6,පෙනුනි:2,2,2,පෙනුණි
කඳුලින්,කඳුළින්,4,කඳුලින්:2,2,2,කඳුළින්
පලාතක,පලාතක,4,පළාතක:2,2,2,පලාතක
පලල්,පළල්,10,පලල්:2,2,2,පළල්
පැලී,පැලී,6,පැළී:2,2,2,පැලී
අලලා,අළලා,4,අලලා:2,2,2,අළලා
ඇරුනු,ඇරුණු,6,ඇරුනු:2,2,2,ඇරුණු
දෙපලට,දෙපළට,4,දෙපලට:2,2,2,දෙපළට
ගැටලුවකි,ගැටලුවකි,6,ගැටළුවකි:2,2,2,ගැටලුවකි
ඇහුනා,ඇහුනා,4,ඇහුණා:2,2,2,ඇහුනා
කකුල,කකුල,14,කකුළ:2,2,2,කකුල
ඔලු,ඔලු,5,ඔළු:2,2,2,ඔලු
පනුවන්,පනුවන්,6,පණුවන්:2,2,2,පනුවන්
යුවලගේ,යුවළගේ,3,යුවලගේ:2,2,2,යුවළගේ
නියැලී,නියැළී,4,නියැලී:2,2,2,නියැළී
සෙවනැල්ල,සෙවනැල්ල,3,සෙවණැල්ල:2,2,2,සෙවනැල්ල
පිලිගනිමි,පිළිගනිමි,5,පිලිගනිමි:2,2,2,පිළිගනිමි
පොලවට,පොළවට,4,පොලවට:2,2,2,පොළවට
හෙලිදරව්ව,හෙළිදරව්ව,4,හෙලිදරව්ව:2,2,2,හෙළිදරව්ව
පෙලඹවීමක්,පෙලඹවීමක්,4,පෙළඹවීමක්:2,2,2,පෙලඹවීමක්
මාලිගාවත්ත,මාලිගාවත්ත,5,මාළිගාවත්ත:2,2,2,මාලිගාවත්ත
කියමන,කියමන,4,කියමණ:2,2,2,කියමන
එසැනින්,එසැනින්,3,එසැණින්:2,2,2,එසැණින්
මාලිගාවක්,මාලිගාවක්,4,මාළිගාවක්:2,2,2,මාලිගාවක්
නිගන්ඨනාථ,නිගණ්ඨනාථ,6,නිගන්ඨනාථ:1;නිඝණ්ඨනාථ:1,2,3,නිගණ්ඨනාථ
ගම්පොල,ගම්පොළ,4,ගම්පොල:2,2,2,ගම්පොළ
ප්රශ්නයකට,ප්රශ්නයකට,5,ප්රශ්ණයකට:2,2,2,ප්‍රශ්නයකට
රානි,රාණි,3,රානි:2,2,2,රාණි
මුකයෙන්,මුඛයෙන්,3,මුකයෙන්:2,2,2,මුඛයෙන්
හැරුනොත්,හැරුණොත්,3,හැරුනොත්:2,2,2,හැරුණොත්
නියැලීමට,නියැලීමට,5,නියැළීමට:2,2,2,නියැලීමට
මුදලි,මුදළි,3,මුදලි:2,2,2,මුදළි
නැතිවුනාට,නැතිවුණාට,3,නැතිවුනාට:2,2,2,නැතිවුණාට
හෙලීම,හෙලීම,4,හෙළීම:2,2,2,හෙලීම
ලක්වුනා,ලක්වුණා,6,ලක්වුනා:2,2,2,ලක්වුණා
විලාප,විලාප,6,විළාප:2,2,2,විලාප
කිතුනුවන්ට,කිතුණුවන්ට,4,කිතුනුවන්ට:2,2,2,කිතුණුවන්ට
පොලෝ,පොළෝ,3,පොලෝ:2,2,2,පොළෝ
වලකට,වලකට,4,වළකට:2,2,2,වලකට
සැනෙකින්,සැණෙකින්,3,සැනෙකින්:2,2,2,සැණෙකින්
ගැන,ගැන,2383,ගැණ:1,1,2,ගැන
පිරුනු,පිරුණු,38,පිරුනු:1,1,2,පිරුණු
සාධාරන,සාධාරණ,62,සාධාරන:1,1,2,සාධාරණ
ප්රනීත,ප්රණීත,15,ප්රනීත:1,1,2,ප්‍රණීත
පුලුල්,පුළුල්,82,පුලුල්:1,1,2,පුළුල්
වෙලා,වෙලා,1135,වෙළා:1,1,2,වෙලා
නව,නව,195,ණව:1,1,2,නව
මැතිනිය,මැතිණිය,7,මැතිනිය:1,1,2,මැතිණිය
ප්රමානයක්,ප්රමාණයක්,148,ප්රමානයක්:1,1,2,ප්‍රමාණයක්
කරුනක්,කරුණක්,88,කරුනක්:1,1,2,කරුණක්
සලකනු,සලකනු,13,සළකනු:1,1,2,සලකනු
කෙලින්ම,කෙලින්ම,6,කෙළින්ම:1,1,2,කෙලින්ම
නිල,නිල,64,නිළ:1,1,2,නිල
නිලධාරීහු,නිලධාරීහු,11,නිළධාරීහු:1,1,2,නිලධාරීහු
කලගුන,කළගුණ,4,කලගුණ:1,1,2,කළගුණ
උනාට,උනාට,80,උණාට:1,1,2,උනාට
ප්රශ්නයට,ප්රශ්නයට,27,ප්රශ්ණයට:1,1,2,ප්‍රශ්නයට
නැවතුනේ,නැවතුණේ,16,නැවතුනේ:1,1,2,නැවතුණේ
කරුනාවෙන්,කරුණාවෙන්,23,කරුනාවෙන්:1,1,2,කරුණාවෙන්
කලුරිය,කලුරිය,21,කළුරිය:1,1,2,කලුරිය
අරමුනු,අරමුණු,97,අරමුනු:1,1,2,අරමුණු
නැ,නැ,85,ණැ:1,1,2,නැ
ලී,ලී,50,ළී:1,1,2,ලී
පිරිනිවන්,පිරිනිවන්,42,පිරිණිවන්:1,1,2,පිරිනිවන්
සලකන,සලකන,35,සළකන:1,1,2,සලකන
දැනුවත්,දැනුවත්,98,දැණුවත්:1,1,2,දැනුවත්
කාන්,ඛාන්,6,කාන්:1,1,2,ඛාන්
සරලව,සරලව,15,සරළව:1,1,2,සරලව
පලාත,පළාත,15,පලාත:1,1,2,පළාත
තනතුර,තනතුර,28,තණතුර:1,1,2,තනතුර
සුලං,සුළං,22,සුලං:1,1,2,සුළං
පල්ලෙහාට,පල්ලෙහාට,10,පල්ළෙහාට:1,1,2,පල්ලෙහාට
සම්පූර්නයෙන්ම,සම්පූර්ණයෙන්ම,8,සම්පූර්නයෙන්ම:1,1,2,සම්පූර්ණයෙන්ම
කන්ඩායමට,කණ්ඩායමට,14,කන්ඩායමට:1,1,2,කණ්ඩායමට
සැලකිල්ලට,සැලකිල්ලට,23,සැළකිල්ලට:1,1,2,සැලකිල්ලට
සුලඟක්,සුළඟක්,4,සුලඟක්:1,1,2,සුළඟක්
සලකනවා,සලකනවා,18,සළකනවා:1,1,2,සලකනවා
උනොත්,උනොත්,42,උණොත්:1,1,2,උනොත්
පිලිකා,පිළිකා,25,පිලිකා:1,1,2,පිළිකා
අධිකරන,අධිකරණ,42,අධිකරන:1,1,2,අධිකරණ
ආදරනීය,ආදරණීය,35,ආදරනීය:1,1,2,ආදරණීය
කාලගුන,කාලගුණ,10,කාලගුන:1,1,2,කාලගුණ
පනින,පනින,11,පණින:1,1,2,පනින
ලස්සන,ලස්සන,195,ලස්සණ:1,1,2,ලස්සන
ආන්ඩුකාරවරයා,ආණ්ඩුකාරවරයා,8,ආන්ඩුකාරවරයා:1,1,2,ආණ්ඩුකාරවරයා
කොලඹ,කොළඹ,188,කොලඹ:1,1,2,කොළඹ
ප්රශ්නත්,ප්රශ්නත්,4,ප්රශ්ණත්:1,1,2,ප්‍රශ්නත්
උද්ගෝෂන,උද්ඝෝෂණ,15,උද්ගෝෂණ:1,1,2,උද්ඝෝෂණ
මනුස්සයෙක්,මනුස්සයෙක්,43,මණුස්සයෙක්:1,1,2,මනුස්සයෙක්
මීලඟ,මීළඟ,54,මීලඟ:1,1,2,මීළඟ
කන්ඩායමක්,කණ්ඩායමක්,59,කන්ඩායමක්:1,1,2,කණ්ඩායමක්
ත්රිමාන,ත්රිමාන,7,ත්රිමාණ:1,1,2,ත්‍රිමාන
ගනනය,ගණනය,14,ගනනය:1,1,2,ගණනය
ලඟ,ළඟ,143,ලඟ:1,1,2,ළඟ
ගනිමින්,ගනිමින්,92,ගණිමින්:1,1,2,ගනිමින්
අනුපිලිවෙල,අනුපිළිවෙල,7,අනුපිළිවෙළ:1,1,2,අනුපිළිවෙල
උපකරන,උපකරණ,44,උපකරන:1,1,2,උපකරණ
ගහන,ගහන,65,ගහණ:1,1,2,ගහන
යාලුවා,යාළුවා,32,යාලුවා:1,1,2,යාළුවා
පැරනි,පැරණි,77,පැරනි:1,1,2,පැරණි
කලාපීය,කලාපීය,13,කළාපීය:1,1,2,කලාපීය
කැලේ,කැලේ,23,කැළේ:1,1,2,කැලේ
විමර්ශන,විමර්ශන,10,විමර්ශණ:1,1,2,විමර්ශන
පිලිවෙලට,පිළිවෙළට,15,පිලිවෙලට:1,1,2,පිළිවෙළට
පලඳින,පළඳින,6,පලඳින:1,1,2,පළඳින
නය,ණය,84,නය:1,1,2,ණය
කොලඹට,කොළඹට,19,කොලඹට:1,1,2,කොළඹට
ශාක,ශාක,13,ශාඛ:1,1,2,ශාක
ජනගහනයක්,ජනගහනයක්,4,ජණගහණයක්:1,1,2,ජනගහනයක්
කන්ඩායම්,කණ්ඩායම්,46,කන්ඩායම්:1,1,2,කණ්ඩායම්
දැනුමක්,දැනුමක්,41,දැණුමක්:1,1,2,දැනුමක්
ගනුදෙනු,ගනුදෙනු,19,ගණුදෙනු:1,1,2,ගනුදෙනු
තුලම,තුලම,9,තුළම:1,1,2,තුලම
බැනුම්,බැනුම්,6,බැණුම්:1,1,2,බැනුම්
ප්රමානවත්,ප්රමාණවත්,41,ප්රමානවත්:1,1,2,ප්‍රමාණවත්
මුනගැහෙන්නේ,මුණගැහෙන්නේ,4,මුනගැහෙන්නේ:1,1,2,මුණගැහෙන්නේ
ගුනයකින්,ගුණයකින්,8,ගුනයකින්:1,1,2,ගුණයකින්
ඇඟලුම්,ඇඟලුම්,8,ඇඟළුම්:1,1,2,ඇඟලුම්
ගනනාවක,ගණනාවක,14,ගනනාවක:1,1,2,ගණනාවක
තරුන,තරුණ,164,තරුන:1,1,2,තරුණ
වලක්වන්න,වළක්වන්න,7,වලක්වන්න:1,1,2,වළක්වන්න
නැගුනු,නැගුණු,10,නැගුනු:1,1,2,නැගුණු
ලේකන,ලේඛන,39,ලේඛණ:1,1,2,ලේඛන
වැඩපිලිවෙල,වැඩපිළිවෙළ,20,වැඩපිලිවෙල:1,1,2,වැඩපිළිවෙළ
පැවැත්වුනු,පැවැත්වුණු,4,පැවැත්වුනු:1,1,2,පැවැත්වුණු
පිලිසකර,පිළිසකර,5,පිලිසකර:1,1,2,පිළිසකර
මලු,මලු,14,මළු:1,1,2,මලු
රාල,රාළ,7,රාල:1,1,2,රාළ
පනස්,පනස්,29,පණස්:1,1,2,පනස්
ඇතුලෙම,ඇතුලෙම,4,ඇතුළෙම:1,1,2,ඇතුලෙම
ඇවිදින,ඇවිදින,13,ඇවිදිණ:1,1,2,ඇවිදින
කාරනයක්,කාරණයක්,48,කාරනයක්:1,1,2,කාරණයක්
දියුනුයි,දියුණුයි,5,දියුනුයි:1,1,2,දියුණුයි
පරිමාන,පරිමාණ,15,පරිමාන:1,1,2,පරිමාණ
හතලිහක්,හතළිහක්,6,හතලිහක්:1,1,2,හතළිහක්
පිලියන්දල,පිළියන්දල,8,පිලියන්දල:1,1,2,පිළියන්දල
විකිනීම,විකිණීම,11,විකිනීම:1,1,2,විකිණීම
බැලුවට,බැලුවට,12,බැළුවට:1,1,2,බැලුවට
පිලියම්,පිළියම්,6,පිලියම්:1,1,2,පිළියම්
උදාහරනය,උදාහරණය,8,උදාහරනය:1,1,2,උදාහරණය
වලකින,වළකින,4,වලකින:1,1,2,වළකින
දර්ශනයක්,දර්ශනයක්,18,දර්ශණයක්:1,1,2,දර්ශනයක්
බලවත්,බලවත්,97,බළවත්:1,1,2,බලවත්
මාලිගාවේ,මාලිගාවේ,21,මාළිගාවේ:1,1,2,මාලිගාවේ
ගැලපේ,ගැලපේ,8,ගැළපේ:1,1,2,ගැලපේ
ගනයට,ගණයට,21,ගනයට:1,1,2,ගණයට
සෙවනැලි,සෙවනැලි,5,සෙවණැලි:1,1,2,සෙවනැලි
පිලිවන,පිළිවන,10,පිළිවණ:1,1,2,පිළිවන
පිලිගත,පිළිගත,40,පිලිගත:1,1,2,පිළිගත
සැලලිහිනි,සැළලිහිණි,6,සැළලිහිනි:1,1,2,සැළලිහිණි
තිබින,තිබිණ,40,තිබින:1,1,2,තිබිණ
කෙලෙස්,කෙලෙස්,41,කෙළෙස්:1,1,2,කෙලෙස්
පුලුවන,පුළුවන,46,පුලුවන:1,1,2,පුළුවන
බලකායේ,බලකායේ,4,බළකායේ:1,1,2,බලකායේ
ගැලපෙන්නෙ,ගැලපෙන්නෙ,7,ගැළපෙන්නෙ:1,1,2,ගැලපෙන්නෙ
හල,හළ,6,හල:1,1,2,හළ
පමනින්,පමණින්,55,පමනින්:1,1,2,පමණින්
නොකලා,නොකළා,6,නොකලා:1,1,2,නොකළා
මුලුමනින්,මුළුමනින්,41,මුලුමනින්:1,1,2,මුළුමනින්
පනිවිඩයක්,පණිවිඩයක්,19,පනිවිඩයක්:1,1,2,පණිවිඩයක්
කුලුන,කුළුණ,7,කුලුන:1,1,2,කුළුණ
මිනිසා,මිනිසා,143,මිණිසා:1,1,2,මිනිසා
තෙරුන්ගේ,තෙරුන්ගේ,6,තෙරුණ්ගේ:1,1,2,තෙරුන්ගේ
බබලන,බබළන,5,බබලන:1,1,2,බබළන
දේශනයේ,දේශණයේ,4,දේශනයේ:1,1,2,දේශණයේ
යහලුවන්,යහළුවන්,9,යහලුවන්:1,1,2,යහළුවන්
කෙරුන,කෙරුණ,8,කෙරුන:1,1,2,කෙරුණ
ගුනරත්න,ගුණරත්න,6,ගුනරත්න:1,1,2,ගුණරත්න
සේක,සේක,209,සේඛ:1,1,2,සේක
සැලකෙන,සැලකෙන,8,සැළකෙන:1,1,2,සැලකෙන
මිනී,මිනී,41,මිණී:1,1,2,මිනී
සැඟවුනු,සැඟවුණු,14,සැඟවුනු:1,1,2,සැඟවුණු
කඳුලු,කඳුළු,40,කඳුලු:1,1,2,කඳුළු
පිලිගනිමින්,පිළිගනිමින්,4,පිලිගනිමින්:1,1,2,පිළිගනිමින්
පලවා,පලවා,13,පළවා:1,1,2,පලවා
නලුවෙක්,නළුවෙක්,26,නලුවෙක්:1,1,2,නළුවෙක්
අප්රමාන,අප්රමාණ,31,අප්රමාන:1,1,2,අප්‍රමාණ
කලහොත්,කළහොත්,25,කලහොත්:1,1,2,කළහොත්
කැසිකිලි,කැසිකිළි,5,කැසිකිලි:1,1,2,කැසිකිළි
කෙරිනි,කෙරිණි,29,කෙරිනි:1,1,2,කෙරිණි
එකොලහ,එකොලහ,4,එකොළහ:1,1,2,එකොලහ
නොලැබුනු,නොලැබුණු,11,නොලැබුනු:1,1,2,නොලැබුණු
සලකලා,සලකලා,6,සළකලා:1,1,2,සලකලා
සියුමැලි,සියුමැලි,11,සියුමැළි:1,1,2,සියුමැලි
ධනාත්මක,ධනාත්මක,14,ධණාත්මක:1,1,2,ධනාත්මක
පරිහානියට,පරිහානියට,18,පරිහාණියට:1,1,2,පරිහානියට
ලැබින,ලැබිණ,24,ලැබින:1,1,2,ලැබිණ
නෙලීම,නෙලීම,4,නෙළීම:1,1,2,නෙලීම
විලවුන්,විලවුන්,10,විළවුන්:1,1,2,විලවුන්
පුස්කොල,පුස්කොළ,9,පුස්කොල:1,1,2,පුස්කොළ
යෙදුනා,යෙදුණා,5,යෙදුනා:1,1,2,යෙදුණා
කන්ඩායමේ,කණ්ඩායමේ,26,කන්ඩායමේ:1,1,2,කණ්ඩායමේ
ගෙවුන,ගෙවුණ,4,ගෙවුන:1,1,2,ගෙවුණ
වහලුන්,වහලුන්,5,වහළුන්:1,1,2,වහලුන්
කැලෑ,කැලෑ,8,කැළෑ:1,1,2,කැලෑ
නිලි,නිළි,6,නිලි:1,1,2,නිළි
තුලය,තුළය,8,තුලය:1,1,2,තුළය
පෙලඹ,පෙළඹ,6,පෙලඹ:1,1,2,පෙළඹ
යාලු,යාළු,13,යාලු:1,1,2,යාළු
පලකට,පලකට,4,පළකට:1,1,2,පලකට
පතුලේ,පතුලේ,12,පතුළේ:1,1,2,පතුලේ
පඩිපෙල,පඩිපෙළ,5,පඩිපෙල:1,1,2,පඩිපෙළ
ගනනාවකට,ගණනාවකට,6,ගනනාවකට:1,1,2,ගණනාවකට
ගැටලුවට,ගැටළුවට,6,ගැටලුවට:1,1,2,ගැටළුවට
සාමනේර,සාමණේර,7,සාමනේර:1,1,2,සාමණේර
එලවා,එළවා,7,එලවා:1,1,2,එළවා
පෙලඹෙන,පෙළඹෙන,6,පෙලඹෙන:1,1,2,පෙළඹෙන
දෙහිඅත්තකන්ඩියේ,දෙහිඅත්තකන්ඩියේ,4,දෙහිඅත්තකණ්ඩියේ:1,1,2,දෙහිඅත්තකන්ඩියේ
හිතුනෙ,හිතුනෙ,19,හිතුණෙ:1,1,2,හිතුනෙ
තෙරුන්,තෙරුන්,46,තෙරුණ්:1,1,2,තෙරුන්
දිනයේ,දිනයේ,62,දිණයේ:1,1,2,දිනයේ
සුලුපටු,සුළුපටු,5,සුලුපටු:1,1,2,සුළුපටු
කොලු,කොලු,6,කොළු:1,1,2,කොලු
කැලනියට,කැලණියට,7,කැලනියට:1,1,2,කැලණියට
කුමන්ත්රනයක්,කුමන්ත්රණයක්,9,කුමණ්ත්රනයක්:1,1,2,කුමන්ත්‍රණයක්
ගෝනා,ගෝනා,4,ගෝණා:1,1,2,ගෝනා
තිබෙනු,තිබෙනු,12,තිබෙණු:1,1,2,තිබෙනු
පැලෑටි,පැළෑටි,8,පැලෑටි:1,1,2,පැළෑටි
සලසා,සලසා,31,සළසා:1,1,2,සලසා
ලදරු,ළදරු,6,ලදරු:1,1,2,ළදරු
මිනි,මිනි,6,මිණි:1,1,2,මිනි
නැවතුනා,නැවතුනා,9,නැවතුණා:1,1,2,නැවතුනා
දිලිඳු,දිළිඳු,16,දිලිඳු:1,1,2,දිළිඳු
ප්රශ්නාර්ථ,ප්රශ්නාර්ථ,7,ප්රශ්ණාර්ථ:1,1,2,ප්‍රශ්නාර්ථ
හීන,හීන,16,හීණ:1,1,2,හීන
දොලහට,දොළහට,4,දොලහට:1,1,2,දොළහට
මැරුනා,මැරුණා,22,මැරුනා:1,1,2,මැරුණා
ගැහැනුන්,ගැහැණුන්,4,ගැහැනුන්:1,1,2,ගැහැණුන්
කැලයේ,කැලයේ,6,කැළයේ:1,1,2,කැලයේ
කලකිරුනු,කලකිරුණු,7,කළකිරුණු:1,1,2,කලකිරුණු
ඥාන,ඥාන,12,ඥාණ:1,1,2,ඥාන
ලැබුනි,ලැබුණි,24,ලැබුනි:1,1,2,ලැබුණි
නොවුනහොත්,නොවුනහොත්,4,නොවුණහොත්:1,1,2,නොවුනහොත්
පිරිවෙන,පිරිවෙන,12,පිරිවෙණ:1,1,2,පිරිවෙන
අතලොස්සක්,අතලොස්සක්,7,අතළොස්සක්:1,1,2,අතලොස්සක්
මාලිගයට,මාලිගයට,5,මාළිගයට:1,1,2,මාලිගයට
පැවතින,පැවතිණ,4,පැවතින:1,1,2,පැවතිණ
පැමිනී,පැමිණී,5,පැමිනී:1,1,2,පැමිණී
කලාය,කළාය,20,කලාය:1,1,2,කළාය
පහලියට,පහලියට,4,පහළියට:1,1,2,පහලියට
දක්ෂින,දක්ෂිණ,10,දක්ෂින:1,1,2,දක්ෂිණ
සැලකූහ,සැලකූහ,7,සැළකූහ:1,1,2,සැලකූහ
නෙලුම්,නෙළුම්,15,නෙලුම්:1,1,2,නෙළුම්
නලුවො,නළුවො,7,නලුවො:1,1,2,නළුවො
ආන්ඩුවෙන්,ආණ්ඩුවෙන්,7,ආන්ඩුවෙන්:1,1,2,ආණ්ඩුවෙන්
නිලධාරියෙකු,නිලධාරියෙකු,6,නිළධාරියෙකු:1,1,2,නිලධාරියෙකු
පොලට,පොළට,5,පොලට:1,1,2,පොළට
ඇතුලත්ය,ඇතුළත්ය,4,ඇතුලත්ය:1,1,2,ඇතුළත්ය
හෙලමින්,හෙලමින්,4,හෙළමින්:1,1,2,හෙලමින්
මොලයේ,මොළයේ,8,මොලයේ:1,1,2,මොළයේ
පෝලිමේ,පෝලිමේ,14,පෝළිමේ:1,1,2,පෝලිමේ
සැලකිල්ලෙන්,සැලකිල්ලෙන්,4,සැළකිල්ලෙන්:1,1,2,සැලකිල්ලෙන්
පෑලියගොඩ,පෑලියගොඩ,8,පෑළියගොඩ:1,1,2,පෑලියගොඩ
ලැබුනද,ලැබුණද,4,ලැබුනද:1,1,2,ලැබුණද
අයවලුන්,අයවලුන්,4,අයවළුන්:1,1,2,අයවලුන්
ප්රහීන,ප්රහීණ,4,ප්රහීන:1,1,2,ප්‍රහීණ
කෙලි,කෙළි,8,කෙලි:1,1,2,කෙළි
කුලයක,කුලයක,5,කුළයක:1,1,2,කුලයක
කෝරලේ,කෝරළේ,5,කෝරලේ:1,1,2,කෝරළේ
උද්ගෝෂකයන්,උද්ඝෝෂකයන්,4,උද්ගෝෂකයන්:1,1,2,උද්ඝෝෂකයන්
මූනට,මූණට,5,මූනට:1,1,2,මූණට
ගොසිනි,ගොසිනි,7,ගොසිණි:1,1,2,ගොසිනි
ලෝකයා,ලෝකයා,5,ළෝකයා:1,1,2,ලෝකයා
ඇලුම්,ඇලුම්,5,ඇළුම්:1,1,2,ඇලුම්
භික්ෂුනීන්,භික්ෂුණීන්,19,භික්ෂුනීන්:1,1,2,භික්ෂුණීන්
බන්ඩාර,බණ්ඩාර,6,බන්ඩාර:1,1,2,බණ්ඩාර
ගොඩනැගුනු,ගොඩනැගුණු,4,ගොඩනැගුනු:1,1,2,ගොඩනැගුණු
තේරුන,තේරුණ,4,තේරුන:1,1,2,තේරුණ
පලිගන්න,පලිගන්න,5,පළිගන්න:1,1,2,පලිගන්න
කනගාටුදායක,කණගාටුදායක,6,කනගාටුදායක:1,1,2,කණගාටුදායක
නිලධාරී,නිලධාරී,5,නිළධාරී:1,1,2,නිලධාරී
හානිදායක,හානිදායක,8,හාණිදායක:1,1,2,හානිදායක
දේපලක්,දේපලක්,4,දේපළක්:1,1,2,දේපලක්
ලෙන්ගතු,ළෙන්ගතු,4,ලෙන්ගතු:1,1,2,ළෙන්ගතු
උරන,උරන,4,උරණ:1,1,2,උරන
කුකුලු,කුකුළු,4,කුකුලු:1,1,2,කුකුළු
එකහෙලා,එකහෙලා,5,එකහෙළා:1,1,2,එකහෙලා
මාලිගාවිල,මාලිගාවිල,4,මාළිගාවිල:1,1,2,මාලිගාවිල
තිබුනනම්,තිබුනනම්,5,තිබුණනම්:1,1,2,තිබුනනම්
හෙලනවා,හෙලනවා,4,හෙළනවා:1,1,2,හෙලනවා
ලිඳ,ළිඳ,4,ලිඳ:1,1,2,ළිඳ
හුරුලු,හුරුලු,4,හුරුළු:1,1,2,හුරුලු
ගාමිනි,ගාමිණි,4,ගාමිනි:1,1,2,ගාමිණි
ලමයකුට,ළමයකුට,4,ලමයකුට:1,1,2,ළමයකුට
පලාතකට,පලාතකට,4,පළාතකට:1,1,2,පලාතකට
,,,,,,nan
