split,text,typo,correction
train,උදාහරණයක් විදියට bock chain කියන විෂය ගැන ලියනවනම් එකට සම්බන්ධ වෙන්නේත් cryptocurrency decentralization smart contract වගේ වචනත්,bock,block
train,තරගාවලිය live stream කරන්නේත් tata comminication ලම තමයි ඉතින් අද video එකින් අපි කතා කළේ,comminication,communication
train,මේ air vents නිසා console එකේ futurestic look එකටත් සෑහෙන ලස්සනක් එකතු වෙලා තියෙනවා.,futurestic,futuristic
train,රටකට තවත් රටකට යනකොට BRIK සමුළුවට යනකොට කසාන් වලට යනකොට,BRIK,BRICS
train,"පාරිභෝගිකයින් අතරේ ජනප්‍රිය වුණා. 1993 අවුරුද්දේදිම Apple සමාගම තවත් අසාර්ථක නිෂ්පාදනයක් කරනවා, ඒ තමයි Machintosh TV එක",Machintosh,Macintosh
train,sola වලින් එන energy. ඒ ඔක්කොම හින්දා current වැඩි හින්දා තමයි grid එක unstable උනේ,sola,solar
train,කාටවත් හොයන්න බෑ දැන් මේ. මේක AI වලින් generate කියලා. ඒ uncaney valley එක පහුකරන් ගිහින් ඉවරයි.,uncaney,uncanny
train,ඊට පස්සේ මොකද වෙන්නේ කියලා dsn එකෙන් අරගන්න තොරතුරු ඊළඟට යනවා කැලිෆෝනියාවේ පැසඩනා වල තියෙන නාසා jet propotion lab එකට,propotion,propulsion
train,විශේෂෙන්ම real time data පාවිච්චි කරන projects AI models train කරන projecs ඒ වගේම AI native systems අනාගතයේ දී වැඩි වෙන්න නියමිත නිසා,projecs,projects
train,xterra තමයි විසඳුම free hosting සහ domain පාවිච්චි කරනවා නම් ඔයාට hacel free,hacel,hassle
train,මේ තියෙන්නේ feets දෙකක් අපි console එක තිරස් අතට තියෙනවා නම් එකට සෙට් කරන්න,feets,feet
train,ඉතින් මේ tokens ටික attention mechanism එකට යන පාර අතරමැද ඉන්නවා positional encording එක මෙයාගේ රාජකාරිය තමයි මේ යන හැමෝගෙම tokens පරික්ෂා කරලා බලලා එයාලගේ අනුපිළිවෙල හදලා දෙන එක ඒ කියන්නේ,encording,encoding
train,Avacado toast එකෙන් මම gym යන්න ready වෙලා මුලින්ම ආවා අපි දෙන්නටම,Avacado,Avocado
train,Release වෙනවා. And also I'm going to start two mor movie projects.,mor,more
train,cristal sugar refineries තියෙනවා කියන්නේ නීති විරෝධී මත්ද්‍රව්‍ය ජාවාරමක්,cristal,crystal
train,මම මේ ගොඩ simplify කරලා කියන්නේ ඕගොල්ලො ඕන්නම් ගිහිල්ලා මේකේ in detail හොයාගන්න දැන් දන්නවනේ ක්‍රම perplexitiy වලද gemini වලද ගහලා හොයාගන්න පුලුවන්නෙ,perplexitiy,perplexity
train,කාබෝහයිඩ්‍රේට ඒ වගේම ලිපිඩ ප්‍රෝටීන සහ nuclic අම්ල,nuclic,nucleic
train,කාර් එකේ උස එ ගැස්මට ඔරොත්තු දෙන විදියට adjest කරන්න හැබැයි මේ හැම දේකටම වඩා formula one තරගයකදී,adjest,adjust
train,මේ ළඟකදි ඉඳලා google search engine එක ගියාම මෙන්න මේ විදිහේ opotion එකක් පෙන්නනවා නේ මේ තමයි google AI mode එක,opotion,option
train,දැන් නෑ ඉතින් මං leven Labs වලට ගිහිල්ලා AI වලින් generate කරනවා. AI generate කරද්දි අපි අර කියන්නේ uncany valey එක කියලා සමහර,uncany,uncanny
train,දැන් නෑ ඉතින් මං leven Labs වලට ගිහිල්ලා AI වලින් generate කරනවා. AI generate කරද්දි අපි අර කියන්නේ uncany valey එක කියලා සමහර,valey,valley
train,ඊළඟට අහස් යාත්‍රා වල පාවිච්චි වෙන pito tube formula one කාර් වලත් පාවිච්චි වෙනවා අහස් යාත්‍රා වල නම් මේ pito tube පාවිච්චි වෙන්නේ වේග මාපකයක් විදිහට,pito,pitot
train,ඊළඟට අහස් යාත්‍රා වල පාවිච්චි වෙන pito tube formula one කාර් වලත් පාවිච්චි වෙනවා අහස් යාත්‍රා වල නම් මේ pito tube පාවිච්චි වෙන්නේ වේග මාපකයක් විදිහට,pito,pitot
train,"හැබැයි ඒ prio season එකට, මට දැන් අර ආපු tuk එකේ uncleලුත් කිව්වේ",prio,prior
train,දැන් අර මං ඉගෙනගත්තු ඔක්කොම irrelavant නෙ දැන් මොකද හිතුනේ එදා පොඩ්ඩක් මානසිකව වැටුණා,irrelavant,irrelevant
train,මම full mini destop computer එකක්,destop,desktop
train,තියනවා gene edit කරන crispe ඔය එක එක technologies තියෙනවා ඒකත් හොඳ එකක් බව මට පේනවා,crispe,crispr
train,ඒත් ඇයි ප්‍රධානම දේ තමයි apple සමාගම මේ වතාවෙ අත ගැහුවේ වැරදි audience එකකට මොකද සාමාන්‍යයෙන් මේ වගේ speaker සෙට් එකක් අර ගන්නේ audio enthusias ල එ කියන්නේ,enthusias,enthusiasts
train,sanitory pads එහෙම නැත්නම් washroom යන්න හරි clean තැනක් clean තැනක් කියන්නේ ඕගොල්ලෙ දන්නවනේ මිනිස්සු ඉන්දියාවෙ ඉඳන් අප්‍රිකාව වෙනකන් මිනිස්සු විදිනවනෙ දුක හරි තැනක් නෑ,sanitory,sanitary
train,ඔයාට ඉන්නේ ශ්‍රී ලංකාවේ followers විතරක් නම් එතකොට එයාලට පෙන්නන්නේ ශ්‍රී ලංකන් audience එකට boost කරපු advertisments විතරයි නේ,advertisments,advertisements
train,අර කලින් තිබුන feets දෙකට වඩා ලොකු feets දෙකක් drive එකත් එක්ක එනවා මොකද disk drive එක සෙට් කරාට පස්සේ console එකේ යට කොටසේ මහත වැඩි වෙන නිසා,feets,feet
train,අර කලින් තිබුන feets දෙකට වඩා ලොකු feets දෙකක් drive එකත් එක්ක එනවා මොකද disk drive එක සෙට් කරාට පස්සේ console එකේ යට කොටසේ මහත වැඩි වෙන නිසා,feets,feet
train,envato වගේ libraries වල දාලා sell කරලා සල්ලි හම්බ කරපු කට්ටිය දැන් ඔයාලගේ ජොබ් එක irrelavant,irrelavant,irrelevant
train,මොකද millanioresලා සාමාන්‍යයෙන් කැමති neuted colors වලට. හැබැයි gen seniorsලා කැමති ටිකක් අර,neuted,neutral
train,ලංකාවට බ්‍රිතාන්‍ය අධිරාජ්‍යය තුළ dominian තත්ත්වයේ,dominian,dominion
train,අර human ට කියන ටිකම අපි prompting කියලා complex කරගෙන තියෙනවා කියන්නේ අනවශ්‍ය විදියට complex කරගන්න එපා basic communication clear comminication,comminication,communication
train,අද අපි කතා කරමු 2025 සහ 2026 අවුරුද්දේ මුල් කාලයේ දී laptop එකක් අරගන්න බලාපොරොත්තු වෙන studens ලට ගැළපෙන specs මොනවද කියලා,studens,students
train,"Technologically outdate වේගෙන යනවනම්, ඔය Kodak එකට උනා Nokia එකට වුණා වගේ දේවල් වෙනවා නම්, එතකොටත් surprise වෙන්න බලා",outdate,outdated
train,"ඒක තමයි අර senior citizen කෙනෙකුට දාපු insurance එකේ අර එක පාර lum sum එකක් ගන්නවනම් , ඒ ඒක tax එකෙන් යම්කිසි සහනයක් තියෙනවා කියලා මම නිකන්",lum,lump
train,"industry ක් ආ, wedding කියන එක ලොකු industry යක්. මේකේ ඉන්නව wedding planers ල ඉන්නව නේ",planers,planners
train,"එකට කියනවා share එක average කරනවා කියලා, හැබැයි ඒක කරන්න ඕන ණයට අරන් නෙමෙයි, අතේ liquity තියෙනවා නම්, සහ ඔයාගේ fundamental analysis එකයි ඔයාගේ technical analysis එකයි ඔයාට කියවනම්, මේ share එක 50 ට 60 ට අයේ යනවා කියලා ඔයාට කියනවා නම් ඒ වැඩේ කරන්න එහෙම",liquity,liquidity
train,ඔය ලොකු මේ social media නැති කාලේ තාත්තා අර කරපු පොඩි දෙයින් ඒ කියන්නේ තාත්තා කරෙ ඒක මේ marketing milage එකක් බලාගෙන නෙවෙයි මේ මම හදන කෑම මගෙ කඩේක තියෙන කෑම මනුස්සයෙකුට කන්න පුළුවන්ද කියලා බලන්න,milage,mileage
train,"ඔන්න idea validate කරගන්න ඕන ඒ කියන්නේ පළවෙනි එක තමයි තමන්ගේ data පාවිච්චි කරන එක, ඊට පස්සේ තමයි sample phototype target market එකට දීලා බලන එක, ඊට පස්සේ තමයි තමන්ට financial feasibility තියෙනවද බලන එක, ඊළඟ එක තමයි තමන්ට capacity තියෙනවද කියලා බලන එක, ඔය capacity කියන ගෙන කෑල්ලේ හැබැයි ඔයාව demotivate කරනවා",phototype,prototype
train,ඒ හැම කම්පැණියකටම ඉනනවනෙ audit firm එකක් ඉන්නවනෙ audit කරනවනේ independant opinion එකක් දෙනවනෙ audit opinion එක unmodified clean opinion එකක්ද එහෙම නැත්නම් ඒකේ මොකක් හරි ප්‍රශ්න auditor අරන් ඇවිල්ලා තියෙනවද,independant,independent
train,පොඩි research එකක් කරලා තමන්ගේ swot anlysis එකක් ගහලා swot එක බලන්න මොනවද තමන්ට තියෙන strenghs කියලා සමහරෙට ඔයාගේ තියෙන english content writing ඔයා A level O level වලට english literature හොඳට කරලා තියෙනව english,strenghs,strengths
train,ඔයාගේ business එක perform කරවන විදිය ගැන අදහසක් නැතුවනම් මේ වෙලාවේ ඉන්නේ අපේ ඉන්න team එක ඒකටත් සූදානම් digitaly ඔයාට content create කරන තැන ඉඳලා business එකේ grow එක ඔයා බලාපොරොත්තු වෙන තැනට අරගෙන යන විදිය ඔයාට plan කරලා දෙන්නත් අපෙ,digitaly,digitally
train,ආයි මේක restart කරන්න කලින් ඔයාට කාලයක් යනවා. ඒ අතර competitor ඇවිල්ලා ඔයාගේ market එක අරං ඉවරයි. Customers ලා ටික ඩැහැගෙන ඉවරයි. insuarnce එක තිබුනා නම් ටක් ගාලා අනිත් පැත්තට ඔයාට stock එක ගන්න පුළුවන්. ඒ benifit එකත් ඔයාට තියනවා. මම දන්න පිටකොටුවේ ව්‍යාපාරික,benifit,benefit
validation,ඉතාම ටික දවසකින් හිට්ලර් මේ පක්ෂයේ ප්‍රධාන කතිකයා බවට පත්වෙනවා මිතුරනි අන්තර්ජාලයට ගිහිල්ලා hitler's speaches කියලා ගහන්ඩ,speaches,speeches
validation,මේ categoris දෙකට එන subjects ටික මම discription එකේ දාලා තියන්නම් නැත්නං ඔයාලට වීඩියෝ එක බැලුවා කියලා මතක හිටින්නේ නැහැනේ,categoris,categories
validation,මේ categoris දෙකට එන subjects ටික මම discription එකේ දාලා තියන්නම් නැත්නං ඔයාලට වීඩියෝ එක බැලුවා කියලා මතක හිටින්නේ නැහැනේ,discription,description
validation,"හැමවෙලේම emergency fund එක කියන එකේ වැදගත්කම මම කියන්නේ, ඒ emergency fund එක අපේ ගාව තියෙනවා නම් emrgency fund එකෙන් අපිට මාර confidence එකක්",emrgency,emergency
validation,qulification and skills කියලා දෙකක් තියෙද? දෙකක් දෙකක් ඔයා කොහොමද හරියටම කියන්නේ ඒ කියන්නේ qulification එකකින් යම්කිසි දෙයක් ගන්න පුලුවන් හැබැයි ඒක skill එකක් වෙන්නේ මේක continuously ඒක research කරලා ඒක apply කරොත් විතරයි,qulification,qualification
validation,qulification and skills කියලා දෙකක් තියෙද? දෙකක් දෙකක් ඔයා කොහොමද හරියටම කියන්නේ ඒ කියන්නේ qulification එකකින් යම්කිසි දෙයක් ගන්න පුලුවන් හැබැයි ඒක skill එකක් වෙන්නේ මේක continuously ඒක research කරලා ඒක apply කරොත් විතරයි,qulification,qualification
test,visibility එක create කරනකොට සමහර වෙලාවට ඔයා වටේ එහෙම followers ල ටිකක් build වෙනව right tution පන්තියක් ඔයාට කරන්න පුලුවන් dancing class එකක් ඔයාට කරන්න,tution,tuition
test,ඒ credit card එකේ වාසිය ඔයාට ගන්න පුළුවන් එතකොට ඔයාට discount වලින් වාසිය ගන්නත් පුළුවන් ඔයාට පුළුවන් අනික් පැත්තෙන් installment plan එකේ zero precent interest එකක් පොඩි handling charge එකක් එක්ක ඔයාට ගෙවලා ඒ ඒ වාසිය ගන්න. මොකද කොයි වෙලාවකවත් මම recommend කරන්නෑ රවී ගෙදර බඩු මුට්ටු වලට එකපාර සල්ලි ගෙවන එක,precent,percent
