rule,stem,spellings_seen,total_count,same_word_different_register,canonical_form
locative -ේහි/-ේ (archaic/modern locative),ම,මේ:8469;මේහි:1,8470,yes,
conditional -නං/-නම් (nasalized/full ending),,නම්:3134;නං:186,3320,yes,නම්
conditional -නං/-නම් (nasalized/full ending),නැත්,නැත්නම්:258;නැත්නං:6,264,yes,නැත්නම්
conditional -නං/-නම් (nasalized/full ending),එහෙ,එහෙනම්:212;එහෙනං:8,220,yes,එහෙනම්
conditional -නං/-නම් (nasalized/full ending),එහෙම,එහෙමනම්:99;එහෙමනං:2,101,yes,එහෙමනම්
conditional -නං/-නම් (nasalized/full ending),කියන්,කියන්නම්:63;කියන්නං:6,69,yes,කියන්නම්
conditional -නං/-නම් (nasalized/full ending),දෙන්,දෙන්නම්:36;දෙන්නං:5,41,yes,දෙන්නම්
conditional -නං/-නම් (nasalized/full ending),එන්,එන්නම්:37;එන්නං:1,38,yes,එන්නම්
conditional -නං/-නම් (nasalized/full ending),කරන්,කරන්නම්:32;කරන්නං:2,34,yes,කරන්නම්
conditional -නං/-නම් (nasalized/full ending),කියනව,කියනවනම්:27;කියනවනං:3,30,yes,කියනවනම්
conditional -නං/-නම් (nasalized/full ending),ඉන්නව,ඉන්නවනම්:27;ඉන්නවනං:2,29,yes,ඉන්නවනම්
conditional -නං/-නම් (nasalized/full ending),එක,එකනම්:21;එකනං:4,25,yes,එකනම්
conditional -නං/-නම් (nasalized/full ending),හිටිය,හිටියනම්:12;හිටියනං:8,20,yes,හිටියනම්
conditional -නං/-නම් (nasalized/full ending),තියෙනව,තියෙනවනම්:16;තියෙනවනං:3,19,yes,තියෙනවනම්
conditional -නං/-නම් (nasalized/full ending),උනා,උනානම්:15;උනානං:3,18,yes,උනානම්
conditional -නං/-නම් (nasalized/full ending),බැරි,බැරිනම්:15;බැරිනං:1,16,yes,බැරිනම්
conditional -නං/-නම් (nasalized/full ending),බලන්,බලන්නම්:13;බලන්නං:1,14,yes,බලන්නම්
conditional -නං/-නම් (nasalized/full ending),අ,අනම්:10;අනං:4,14,yes,අනම්
conditional -නං/-නම් (nasalized/full ending),නේන්,නේන්නං:7;නේන්නම්:6,13,yes,නේන්නම්
conditional -නං/-නම් (nasalized/full ending),කියල,කියලනම්:9;කියලනං:3,12,yes,කියලනම්
conditional -නං/-නම් (nasalized/full ending),ම,මනං:7;මනම්:5,12,yes,මනම්
conditional -නං/-නම් (nasalized/full ending),දාන්,දාන්නම්:10;දාන්නං:1,11,yes,දාන්නම්
conditional -නං/-නම් (nasalized/full ending),කරනව,කරනවනම්:10;කරනවනං:1,11,yes,කරනවනම්
conditional -නං/-නම් (nasalized/full ending),දෙනව,දෙනවනම්:8;දෙනවනං:2,10,yes,දෙනවනම්
conditional -නං/-නම් (nasalized/full ending),කතාව,කතාවනම්:7;කතාවනං:2,9,yes,කතාවනම්
conditional -නං/-නම් (nasalized/full ending),ඕනෙ,ඕනෙනම්:4;ඕනෙනං:4,8,yes,ඕනෙනම්
conditional -නං/-නම් (nasalized/full ending),ඕන්,ඕන්නම්:4;ඕන්නං:3,7,yes,ඕන්නම්
conditional -නං/-නම් (nasalized/full ending),බැලුව,බැලුවනම්:5;බැලුවනං:2,7,yes,බැලුවනම්
conditional -නං/-නම් (nasalized/full ending),තිබ්බ,තිබ්බනම්:5;තිබ්බනං:2,7,yes,තිබ්බනම්
conditional -නං/-නම් (nasalized/full ending),කිව්ව,කිව්වනම්:5;කිව්වනං:2,7,yes,කිව්වනම්
conditional -නං/-නම් (nasalized/full ending),ගන්නව,ගන්නවනම්:4;ගන්නවනං:2,6,yes,ගන්නවනම්
conditional -නං/-නම් (nasalized/full ending),දානව,දානවනම්:4;දානවනං:2,6,yes,දානවනම්
conditional -නං/-නම් (nasalized/full ending),තිබුන,තිබුනනම්:5;තිබුනනං:1,6,yes,තිබුනනම්
conditional -නං/-නම් (nasalized/full ending),එනව,එනවනම්:2;එනවනං:2,4,yes,එනවනම්
