conjunct_key,spellings_seen,total_count,non_zwj_count,correction
අනිවාර්යයෙන්,අනිවාර්යයෙන්:102;අනිවාර්‍යයෙන්:3,105,102,අනිවාර්යයෙන්
මහාචාර්ය,මහාචාර්ය:50;මහාචාර්‍ය:3,53,50,මහාචාර්ය
කාර්යය,කාර්යය:46;කාර්‍යය:1,47,46,කාර්යය
අනිවාර්ය,අනිවාර්ය:21;අනිවාර්‍ය:1,22,21,අනිවාර්ය
ධෛර්යය,ධෛර්යය:16;ධෛර්‍යය:4,20,16,ධෛර්යය
සෞන්දර්ය,සෞන්දර්ය:16;සෞන්දර්‍ය:1,17,16,සෞන්දර්ය
කාර්යාල,කාර්යාල:13;කාර්‍යාල:1,14,13,කාර්යාල
අනිවාර්යයෙන්ම,අනිවාර්යයෙන්ම:7;අනිවාර්‍යයෙන්ම:2,9,7,අනිවාර්යයෙන්ම
කාර්යක්ෂම,කාර්යක්ෂම:7;කාර්යක්‍ෂම:4,11,7,කාර්යක්ෂම
කාර්යයන්,කාර්යයන්:6;කාර්‍යයන්:3,9,6,කාර්යයන්
රත්රන්,රත්රන්:5;රත්‍රන්:1,6,5,රත්රන්
අකාර්යක්ෂමතාව,අකාර්යක්ෂමතාව:4;අකාර්යක්‍ෂමතාව:1,5,4,අකාර්යක්ෂමතාව
කල්යාණි,කල්යාණි:3;කල්‍යාණි:2,5,3,කල්‍යාණි
විපර්යාසයක්,විපර්යාසයක්:3;විපර්‍යාසයක්:1,4,3,විපර්යාසයක්
වජ්ර,වජ්ර:2;වජ්‍ර:1,3,2,වජ්‍ර
සාමාන්යයෙන්,සාමාන්‍යයෙන්:241;සාමාන්යයෙන්:1,242,1,සාමාන්‍යයෙන්
ස්ත්රී,ස්ත්‍රී:40;ස්ත්රී:1,41,1,ස්ත්‍රී
සත්ය,සත්‍ය:163;සත්ය:1,164,1,සත්‍ය
ඉංග්රීසි,ඉංග්‍රීසි:116;ඉංග්රීසි:1,117,1,ඉංග්‍රීසි
අවශ්යතාවය,අවශ්‍යතාවය:14;අවශ්යතාවය:1,15,1,අවශ්‍යතාවය
ක්ෂේත්රයේ,ක්ෂේත්‍රයේ:43;ක්‍ෂේත්‍රයේ:7;ක්ෂේත්රයේ:1,51,1,ක්ෂේත්‍රයේ
ඉලෙක්ට්රෝන,ඉලෙක්ට්‍රෝන:6;ඉලෙක්ට්රෝන:1,7,1,ඉලෙක්ට්‍රෝන
විද්යාව,විද්‍යාව:89;විද්යාව:1,90,1,විද්‍යාව
මිත්යා,මිත්‍යා:43;මිත්යා:1,44,1,මිත්‍යා
සූත්රය,සූත්‍රය:4;සූත්රය:1,5,1,සූත්‍රය
ප්රඥාව,ප්‍රඥාව:61;ප්රඥාව:1,62,1,ප්‍රඥාව
දිව්ය,දිව්‍ය:39;දිව්ය:1,40,1,දිව්‍ය
සංඛ්යාත,සංඛ්‍යාත:18;සංඛ්යාත:1,19,1,සංඛ්‍යාත
මනුෂ්යයෙකුට,මනුෂ්‍යයෙකුට:3;මනුෂ්යයෙකුට:1,4,1,මනුෂ්‍යයෙකුට
කල්යාණී,කල්‍යාණී:2;කල්යාණී:1,3,1,කල්‍යාණී
තැන්ක්යු,තැන්ක්යු:1;තැන්ක්‍යු:1,2,1,තැන්ක්‍යු
අධ්යක්ෂවරයා,අධ්‍යක්ෂවරයා:12;අධ්‍යක්‍ෂවරයා:5,17,0,අධ්‍යක්ෂවරයා
ක්ෂේත්ර,ක්‍ෂේත්‍ර:8;ක්ෂේත්‍ර:6,14,0,ක්ෂේත්‍ර
ක්ෂේත්රය,ක්ෂේත්‍රය:10;ක්‍ෂේත්‍රය:5,15,0,ක්ෂේත්‍රය
ක්ෂේත්රයට,ක්ෂේත්‍රයට:8;ක්‍ෂේත්‍රයට:7,15,0,ක්ෂේත්‍රයට
අධ්යක්ෂවරුන්,අධ්‍යක්‍ෂවරුන්:3;අධ්‍යක්ෂවරුන්:1,4,0,අධ්‍යක්ෂවරුන්
ප්රතික්ෂේප,ප්‍රතික්ෂේප:78;ප්‍රතික්‍ෂේප:24,102,0,ප්‍රතික්ෂේප
අධ්යක්ෂකවරයා,අධ්‍යක්ෂකවරයා:9;අධ්‍යක්‍ෂකවරයා:1,10,0,අධ්‍යක්ෂකවරයා
අධ්යක්ෂණය,අධ්‍යක්ෂණය:20;අධ්‍යක්‍ෂණය:4,24,0,අධ්‍යක්ෂණය
අධ්යක්ෂ,අධ්‍යක්ෂ:29;අධ්‍යක්‍ෂ:5,34,0,අධ්‍යක්ෂ
ක්ෂේත්රයෙන්,ක්ෂේත්‍රයෙන්:4;ක්‍ෂේත්‍රයෙන්:4,8,0,ක්ෂේත්‍රයෙන්
අධ්යක්ෂක,අධ්‍යක්ෂක:10;අධ්‍යක්‍ෂක:1,11,0,අධ්‍යක්ෂක
ප්රත්යක්ෂ,ප්‍රත්‍යක්ෂ:8;ප්‍රත්‍යක්‍ෂ:1,9,0,ප්‍රත්‍යක්ෂ
ක්ෂේත්රයක්,ක්ෂේත්‍රයක්:3;ක්‍ෂේත්‍රයක්:1,4,0,ක්ෂේත්‍රයක්
ක්ෂුද්ර,ක්ෂුද්‍ර:3;ක්‍ෂුද්‍ර:2,5,0,ක්ෂුද්‍ර
ප්රදක්ෂිණා,ප්‍රදක්ෂිණා:3;ප්‍රදක්‍ෂිණා:1,4,0,ප්‍රදක්ෂිණා
ත්රිලක්ෂණය,ත්‍රිලක්ෂණය:2;ත්‍රිලක්‍ෂණය:1,3,0,ත්‍රිලක්ෂණය
ක්ෂේත්රයක,ක්ෂේත්‍රයක:1;ක්‍ෂේත්‍රයක:1,2,0,ක්ෂේත්‍රයක
ක්ෂේත්රයකට,ක්ෂේත්‍රයකට:2;ක්‍ෂේත්‍රයකට:1,3,0,ක්ෂේත්‍රයකට
