file_a,command_a,file_b,command_b,same_phrase,cosine_similarity,euclidean_distance,manhattan_distance,pearson_correlation
delete_1.wav,delete,delete_2.wav,delete,True,0.891624,0.465565,9.948172,0.891624
delete_1.wav,delete,delete_3.wav,delete,True,0.853356,0.541561,11.624912,0.853366
delete_1.wav,delete,delete_4.wav,delete,True,0.934689,0.361415,7.754797,0.934689
delete_1.wav,delete,delete_5.wav,delete,True,0.806843,0.621542,13.004445,0.806841
delete_1.wav,delete,delete_6.wav,delete,True,0.879259,0.491407,10.284008,0.879258
delete_1.wav,delete,next_3.wav,next,False,0.829458,0.584024,12.478575,0.829458
delete_1.wav,delete,next_4.wav,next,False,0.773604,0.672899,14.570570,0.773626
delete_1.wav,delete,next_5.wav,next,False,0.745785,0.713043,15.474473,0.745789
delete_1.wav,delete,next_6.wav,next,False,0.767532,0.681862,14.587870,0.767554
delete_1.wav,delete,next_7.wav,next,False,0.771604,0.675864,14.729427,0.771628
delete_1.wav,delete,next_8.wav,next,False,0.719964,0.748380,16.251278,0.719989
delete_1.wav,delete,previous_1.wav,previous,False,0.736450,0.726017,14.442057,0.736457
delete_1.wav,delete,previous_2.wav,previous,False,0.749409,0.707942,14.969141,0.749406
delete_1.wav,delete,previous_3.wav,previous,False,0.764121,0.686847,14.142284,0.764131
delete_1.wav,delete,previous_4.wav,previous,False,0.783053,0.658707,13.206319,0.783055
delete_1.wav,delete,previous_5.wav,previous,False,0.759838,0.693055,14.691181,0.759833
delete_1.wav,delete,previous_6.wav,previous,False,0.754957,0.700061,14.252161,0.754954
delete_1.wav,delete,save_1.wav,save,False,0.789415,0.648976,13.360019,0.789421
delete_1.wav,delete,save_2.wav,save,False,0.776477,0.668614,13.531616,0.776474
delete_1.wav,delete,save_3.wav,save,False,0.787500,0.651920,13.153614,0.787496
delete_1.wav,delete,save_4.wav,save,False,0.769013,0.679687,13.648744,0.769012
delete_1.wav,delete,save_5.wav,save,False,0.790816,0.646814,13.920616,0.790813
delete_1.wav,delete,save_6.wav,save,False,0.796108,0.638579,13.175846,0.796111
delete_1.wav,delete,stop_1.wav,stop,False,0.724633,0.742115,15.882654,0.724633
delete_1.wav,delete,stop_2.wav,stop,False,0.746389,0.712196,14.852890,0.746400
delete_1.wav,delete,stop_3.wav,stop,False,0.713364,0.757147,14.850479,0.713364
delete_1.wav,delete,stop_4.wav,stop,False,0.709188,0.762643,14.600886,0.709192
delete_1.wav,delete,stop_5.wav,stop,False,0.747045,0.711273,14.577629,0.747045
delete_1.wav,delete,stop_6.wav,stop,False,0.756001,0.698568,14.762772,0.755998
delete_1.wav,delete,submit_1.wav,submit,False,0.795015,0.640289,13.321642,0.795011
delete_1.wav,delete,submit_2.wav,submit,False,0.761867,0.690121,13.797190,0.761863
delete_1.wav,delete,submit_3.wav,submit,False,0.785131,0.655544,13.613822,0.785134
delete_1.wav,delete,submit_4.wav,submit,False,0.774614,0.671396,14.288868,0.774612
delete_1.wav,delete,submit_5.wav,submit,False,0.783671,0.657768,13.830174,0.783675
delete_1.wav,delete,submit_6.wav,submit,False,0.751216,0.705384,14.780598,0.751219
delete_2.wav,delete,delete_3.wav,delete,True,0.888667,0.471875,10.249425,0.888672
delete_2.wav,delete,delete_4.wav,delete,True,0.935415,0.359403,8.010386,0.935418
delete_2.wav,delete,delete_5.wav,delete,True,0.815990,0.606647,12.667953,0.815988
delete_2.wav,delete,delete_6.wav,delete,True,0.897708,0.452309,9.401664,0.897708
delete_2.wav,delete,next_3.wav,next,False,0.836153,0.572445,12.431791,0.836161
delete_2.wav,delete,next_4.wav,next,False,0.786310,0.653743,13.938256,0.786351
delete_2.wav,delete,next_5.wav,next,False,0.781159,0.661575,14.494205,0.781178
delete_2.wav,delete,next_6.wav,next,False,0.784378,0.656691,13.737804,0.784420
delete_2.wav,delete,next_7.wav,next,False,0.756002,0.698568,14.743333,0.756042
delete_2.wav,delete,next_8.wav,next,False,0.724136,0.742785,15.557680,0.724181
delete_2.wav,delete,previous_1.wav,previous,False,0.755507,0.699276,13.843460,0.755529
delete_2.wav,delete,previous_2.wav,previous,False,0.757151,0.696921,14.829211,0.757149
delete_2.wav,delete,previous_3.wav,previous,False,0.789268,0.649203,13.577716,0.789294
delete_2.wav,delete,previous_4.wav,previous,False,0.813322,0.611028,12.387468,0.813335
delete_2.wav,delete,previous_5.wav,previous,False,0.754065,0.701334,14.896101,0.754063
delete_2.wav,delete,previous_6.wav,previous,False,0.728837,0.736428,14.819416,0.728840
delete_2.wav,delete,save_1.wav,save,False,0.767834,0.681419,14.369668,0.767836
delete_2.wav,delete,save_2.wav,save,False,0.785175,0.655476,13.773813,0.785174
delete_2.wav,delete,save_3.wav,save,False,0.847707,0.551892,11.518769,0.847708
delete_2.wav,delete,save_4.wav,save,False,0.788946,0.649698,13.442515,0.788945
delete_2.wav,delete,save_5.wav,save,False,0.808718,0.618518,13.467184,0.808723
delete_2.wav,delete,save_6.wav,save,False,0.832602,0.578616,12.199163,0.832602
delete_2.wav,delete,stop_1.wav,stop,False,0.781880,0.660485,13.984791,0.781894
delete_2.wav,delete,stop_2.wav,stop,False,0.788159,0.650909,13.499895,0.788189
delete_2.wav,delete,stop_3.wav,stop,False,0.719418,0.749108,14.235045,0.719431
delete_2.wav,delete,stop_4.wav,stop,False,0.724873,0.741791,14.180286,0.724892
delete_2.wav,delete,stop_5.wav,stop,False,0.748072,0.709828,14.837780,0.748071
delete_2.wav,delete,stop_6.wav,stop,False,0.861243,0.526795,11.047646,0.861243
delete_2.wav,delete,submit_1.wav,submit,False,0.816047,0.606553,12.558111,0.816047
delete_2.wav,delete,submit_2.wav,submit,False,0.750732,0.706071,13.891159,0.750734
delete_2.wav,delete,submit_3.wav,submit,False,0.784803,0.656044,13.569437,0.784817
delete_2.wav,delete,submit_4.wav,submit,False,0.779536,0.664023,14.190657,0.779544
delete_2.wav,delete,submit_5.wav,submit,False,0.783587,0.657895,13.924969,0.783603
delete_2.wav,delete,submit_6.wav,submit,False,0.744317,0.715099,14.952776,0.744331
delete_3.wav,delete,delete_4.wav,delete,True,0.883013,0.483707,10.486958,0.883031
delete_3.wav,delete,delete_5.wav,delete,True,0.847444,0.552369,11.750778,0.847450
delete_3.wav,delete,delete_6.wav,delete,True,0.883782,0.482117,10.236744,0.883790
delete_3.wav,delete,next_3.wav,next,False,0.835233,0.574051,12.206690,0.835264
delete_3.wav,delete,next_4.wav,next,False,0.770613,0.677328,14.597782,0.770697
delete_3.wav,delete,next_5.wav,next,False,0.773732,0.672708,14.476774,0.773783
delete_3.wav,delete,next_6.wav,next,False,0.782244,0.659933,13.926451,0.782329
delete_3.wav,delete,next_7.wav,next,False,0.793024,0.643391,13.997869,0.793113
delete_3.wav,delete,next_8.wav,next,False,0.741290,0.719319,15.377699,0.741386
delete_3.wav,delete,previous_1.wav,previous,False,0.774309,0.671849,13.460600,0.774369
delete_3.wav,delete,previous_2.wav,previous,False,0.793841,0.642119,13.669494,0.793848
delete_3.wav,delete,previous_3.wav,previous,False,0.783112,0.658616,13.900618,0.783176
delete_3.wav,delete,previous_4.wav,previous,False,0.816522,0.605770,12.519026,0.816563
delete_3.wav,delete,previous_5.wav,previous,False,0.797647,0.636165,13.480929,0.797658
delete_3.wav,delete,previous_6.wav,previous,False,0.779900,0.663476,13.783659,0.779928
delete_3.wav,delete,save_1.wav,save,False,0.794876,0.640506,13.543474,0.794876
delete_3.wav,delete,save_2.wav,save,False,0.759951,0.692891,14.708918,0.759962
delete_3.wav,delete,save_3.wav,save,False,0.810304,0.615949,13.030247,0.810318
delete_3.wav,delete,save_4.wav,save,False,0.754156,0.701205,14.653870,0.754160
delete_3.wav,delete,save_5.wav,save,False,0.773868,0.672506,14.378956,0.773894
delete_3.wav,delete,save_6.wav,save,False,0.788023,0.651118,13.749472,0.788024
delete_3.wav,delete,stop_1.wav,stop,False,0.751188,0.705425,14.838022,0.751230
delete_3.wav,delete,stop_2.wav,stop,False,0.777914,0.666462,13.843428,0.777982
delete_3.wav,delete,stop_3.wav,stop,False,0.753174,0.702604,13.623917,0.753220
delete_3.wav,delete,stop_4.wav,stop,False,0.751905,0.704408,13.157600,0.751960
delete_3.wav,delete,stop_5.wav,stop,False,0.765782,0.684424,14.244839,0.765786
delete_3.wav,delete,stop_6.wav,stop,False,0.799460,0.633309,13.359691,0.799468
delete_3.wav,delete,submit_1.wav,submit,False,0.809529,0.617206,13.171961,0.809543
delete_3.wav,delete,submit_2.wav,submit,False,0.777895,0.666491,13.553554,0.777918
delete_3.wav,delete,submit_3.wav,submit,False,0.792619,0.644020,13.850503,0.792663
delete_3.wav,delete,submit_4.wav,submit,False,0.795002,0.640309,13.961495,0.795035
delete_3.wav,delete,submit_5.wav,submit,False,0.799466,0.633299,13.650610,0.799514
delete_3.wav,delete,submit_6.wav,submit,False,0.764652,0.686072,14.730869,0.764699
delete_4.wav,delete,delete_5.wav,delete,True,0.837743,0.569662,12.292608,0.837743
delete_4.wav,delete,delete_6.wav,delete,True,0.913139,0.416800,8.988539,0.913139
delete_4.wav,delete,next_3.wav,next,False,0.858044,0.532833,11.496090,0.858041
delete_4.wav,delete,next_4.wav,next,False,0.801099,0.630715,13.624479,0.801112
delete_4.wav,delete,next_5.wav,next,False,0.793630,0.642449,14.022707,0.793629
delete_4.wav,delete,next_6.wav,next,False,0.808134,0.619460,13.462489,0.808148
delete_4.wav,delete,next_7.wav,next,False,0.782903,0.658934,14.305426,0.782915
delete_4.wav,delete,next_8.wav,next,False,0.728757,0.736536,15.682952,0.728769
delete_4.wav,delete,previous_1.wav,previous,False,0.788957,0.649682,13.208946,0.788958
delete_4.wav,delete,previous_2.wav,previous,False,0.780141,0.663112,14.003767,0.780139
delete_4.wav,delete,previous_3.wav,previous,False,0.827605,0.587189,12.351824,0.827610
delete_4.wav,delete,previous_4.wav,previous,False,0.847690,0.551924,11.290688,0.847688
delete_4.wav,delete,previous_5.wav,previous,False,0.789451,0.648921,13.899498,0.789447
delete_4.wav,delete,previous_6.wav,previous,False,0.778205,0.666026,13.905254,0.778197
delete_4.wav,delete,save_1.wav,save,False,0.821709,0.597145,12.612556,0.821720
delete_4.wav,delete,save_2.wav,save,False,0.835485,0.573611,12.209578,0.835482
delete_4.wav,delete,save_3.wav,save,False,0.852103,0.543870,11.408415,0.852099
delete_4.wav,delete,save_4.wav,save,False,0.839665,0.566277,11.701861,0.839668
delete_4.wav,delete,save_5.wav,save,False,0.853016,0.542189,11.783025,0.853011
delete_4.wav,delete,save_6.wav,save,False,0.855008,0.538502,11.450375,0.855015
delete_4.wav,delete,stop_1.wav,stop,False,0.762798,0.688771,14.713022,0.762792
delete_4.wav,delete,stop_2.wav,stop,False,0.779500,0.664078,14.043367,0.779504
delete_4.wav,delete,stop_3.wav,stop,False,0.741982,0.718356,14.356501,0.741976
delete_4.wav,delete,stop_4.wav,stop,False,0.757423,0.696530,13.698896,0.757421
delete_4.wav,delete,stop_5.wav,stop,False,0.744568,0.714748,14.779472,0.744569
delete_4.wav,delete,stop_6.wav,stop,False,0.834140,0.575951,12.255943,0.834138
delete_4.wav,delete,submit_1.wav,submit,False,0.822105,0.596481,12.797278,0.822100
delete_4.wav,delete,submit_2.wav,submit,False,0.783084,0.658659,13.679407,0.783077
delete_4.wav,delete,submit_3.wav,submit,False,0.804861,0.624723,13.247911,0.804857
delete_4.wav,delete,submit_4.wav,submit,False,0.787435,0.652021,14.151403,0.787428
delete_4.wav,delete,submit_5.wav,submit,False,0.796552,0.637884,13.600838,0.796550
delete_4.wav,delete,submit_6.wav,submit,False,0.765663,0.684597,14.605705,0.765659
delete_5.wav,delete,delete_6.wav,delete,True,0.899824,0.447606,9.596291,0.899824
delete_5.wav,delete,next_3.wav,next,False,0.817494,0.604163,12.902028,0.817499
delete_5.wav,delete,next_4.wav,next,False,0.800941,0.630966,13.766842,0.800980
delete_5.wav,delete,next_5.wav,next,False,0.777170,0.667577,14.376580,0.777186
delete_5.wav,delete,next_6.wav,next,False,0.843821,0.558890,12.171634,0.843865
delete_5.wav,delete,next_7.wav,next,False,0.821460,0.597561,12.965656,0.821503
delete_5.wav,delete,next_8.wav,next,False,0.724169,0.742739,15.349041,0.724210
delete_5.wav,delete,previous_1.wav,previous,False,0.859657,0.529798,10.760241,0.859683
delete_5.wav,delete,previous_2.wav,previous,False,0.794341,0.641341,13.541377,0.794339
delete_5.wav,delete,previous_3.wav,previous,False,0.805744,0.623307,13.556139,0.805769
delete_5.wav,delete,previous_4.wav,previous,False,0.826975,0.588259,12.807079,0.826987
delete_5.wav,delete,previous_5.wav,previous,False,0.805206,0.624169,13.455997,0.805204
delete_5.wav,delete,previous_6.wav,previous,False,0.844551,0.557583,11.857904,0.844556
delete_5.wav,delete,save_1.wav,save,False,0.841767,0.562554,12.178481,0.841770
delete_5.wav,delete,save_2.wav,save,False,0.814763,0.608666,13.192790,0.814761
delete_5.wav,delete,save_3.wav,save,False,0.817437,0.604257,12.680248,0.817436
delete_5.wav,delete,save_4.wav,save,False,0.820517,0.599138,12.857355,0.820516
delete_5.wav,delete,save_5.wav,save,False,0.757602,0.696273,15.201950,0.757604
delete_5.wav,delete,save_6.wav,save,False,0.825306,0.591090,12.947353,0.825307
delete_5.wav,delete,stop_1.wav,stop,False,0.765019,0.685538,14.444163,0.765029
delete_5.wav,delete,stop_2.wav,stop,False,0.827586,0.587221,12.346100,0.827616
delete_5.wav,delete,stop_3.wav,stop,False,0.867100,0.515559,10.868639,0.867118
delete_5.wav,delete,stop_4.wav,stop,False,0.845203,0.556412,10.798779,0.845226
delete_5.wav,delete,stop_5.wav,stop,False,0.759782,0.693135,14.089413,0.759781
delete_5.wav,delete,stop_6.wav,stop,False,0.762312,0.689476,14.314951,0.762309
delete_5.wav,delete,submit_1.wav,submit,False,0.877433,0.495109,10.724327,0.877434
delete_5.wav,delete,submit_2.wav,submit,False,0.884678,0.480253,10.312799,0.884682
delete_5.wav,delete,submit_3.wav,submit,False,0.867768,0.514261,10.988758,0.867783
delete_5.wav,delete,submit_4.wav,submit,False,0.854202,0.539996,11.731703,0.854210
delete_5.wav,delete,submit_5.wav,submit,False,0.868995,0.511868,11.062987,0.869013
delete_5.wav,delete,submit_6.wav,submit,False,0.838544,0.568254,12.267019,0.838560
delete_6.wav,delete,next_3.wav,next,False,0.869935,0.510028,10.975924,0.869940
delete_6.wav,delete,next_4.wav,next,False,0.850543,0.546730,11.880887,0.850582
delete_6.wav,delete,next_5.wav,next,False,0.823935,0.593405,12.647340,0.823950
delete_6.wav,delete,next_6.wav,next,False,0.877442,0.495091,10.792337,0.877485
delete_6.wav,delete,next_7.wav,next,False,0.846160,0.554689,12.164214,0.846201
delete_6.wav,delete,next_8.wav,next,False,0.763424,0.687861,14.191256,0.763464
delete_6.wav,delete,previous_1.wav,previous,False,0.840891,0.564107,11.535545,0.840913
delete_6.wav,delete,previous_2.wav,previous,False,0.812657,0.612115,12.985348,0.812656
delete_6.wav,delete,previous_3.wav,previous,False,0.835136,0.574220,12.511136,0.835158
delete_6.wav,delete,previous_4.wav,previous,False,0.862933,0.523578,11.117727,0.862944
delete_6.wav,delete,previous_5.wav,previous,False,0.810579,0.615501,13.170490,0.810577
delete_6.wav,delete,previous_6.wav,previous,False,0.825469,0.590814,12.466062,0.825472
delete_6.wav,delete,save_1.wav,save,False,0.823201,0.594642,12.423628,0.823205
delete_6.wav,delete,save_2.wav,save,False,0.819042,0.601594,12.567006,0.819041
delete_6.wav,delete,save_3.wav,save,False,0.855214,0.538119,11.070020,0.855213
delete_6.wav,delete,save_4.wav,save,False,0.823218,0.594612,12.287951,0.823217
delete_6.wav,delete,save_5.wav,save,False,0.804639,0.625077,13.517645,0.804640
delete_6.wav,delete,save_6.wav,save,False,0.839337,0.566856,11.997626,0.839338
delete_6.wav,delete,stop_1.wav,stop,False,0.803958,0.626166,13.105627,0.803967
delete_6.wav,delete,stop_2.wav,stop,False,0.848337,0.550751,11.441017,0.848364
delete_6.wav,delete,stop_3.wav,stop,False,0.841787,0.562517,11.455251,0.841801
delete_6.wav,delete,stop_4.wav,stop,False,0.820094,0.599844,11.783555,0.820112
delete_6.wav,delete,stop_5.wav,stop,False,0.769192,0.679423,13.779316,0.769191
delete_6.wav,delete,stop_6.wav,stop,False,0.812829,0.611836,12.984791,0.812826
delete_6.wav,delete,submit_1.wav,submit,False,0.887637,0.474052,10.263097,0.887637
delete_6.wav,delete,submit_2.wav,submit,False,0.875481,0.499038,10.298789,0.875483
delete_6.wav,delete,submit_3.wav,submit,False,0.882218,0.485349,10.190262,0.882232
delete_6.wav,delete,submit_4.wav,submit,False,0.861762,0.525810,11.287748,0.861768
delete_6.wav,delete,submit_5.wav,submit,False,0.868725,0.512396,10.920846,0.868739
delete_6.wav,delete,submit_6.wav,submit,False,0.846202,0.554613,11.822786,0.846216
next_3.wav,next,next_4.wav,next,True,0.825867,0.590141,13.024816,0.825864
next_3.wav,next,next_5.wav,next,True,0.837388,0.570285,12.218600,0.837378
next_3.wav,next,next_6.wav,next,True,0.824289,0.592808,12.862167,0.824287
next_3.wav,next,next_7.wav,next,True,0.797930,0.635720,13.850758,0.797925
next_3.wav,next,next_8.wav,next,True,0.762484,0.689225,14.705647,0.762478
next_3.wav,next,previous_1.wav,previous,False,0.775740,0.669717,13.473789,0.775726
next_3.wav,next,previous_2.wav,previous,False,0.736737,0.725621,15.267085,0.736738
next_3.wav,next,previous_3.wav,previous,False,0.757719,0.696105,14.968037,0.757704
next_3.wav,next,previous_4.wav,previous,False,0.793047,0.643355,13.499337,0.793034
next_3.wav,next,previous_5.wav,previous,False,0.739076,0.722390,15.098134,0.739072
next_3.wav,next,previous_6.wav,previous,False,0.752142,0.704071,14.505100,0.752129
next_3.wav,next,save_1.wav,save,False,0.766774,0.682974,14.509413,0.766795
next_3.wav,next,save_2.wav,save,False,0.783506,0.658018,14.186438,0.783504
next_3.wav,next,save_3.wav,save,False,0.815770,0.607009,12.769026,0.815766
next_3.wav,next,save_4.wav,save,False,0.779440,0.664168,14.111050,0.779448
next_3.wav,next,save_5.wav,save,False,0.778841,0.665069,14.549133,0.778830
next_3.wav,next,save_6.wav,save,False,0.809219,0.617707,13.208529,0.809235
next_3.wav,next,stop_1.wav,stop,False,0.801371,0.630284,13.623942,0.801358
next_3.wav,next,stop_2.wav,stop,False,0.815625,0.607248,12.962702,0.815616
next_3.wav,next,stop_3.wav,stop,False,0.783976,0.657303,13.076395,0.783962
next_3.wav,next,stop_4.wav,stop,False,0.772063,0.675184,13.144966,0.772048
next_3.wav,next,stop_5.wav,stop,False,0.770785,0.677074,14.148341,0.770793
next_3.wav,next,stop_6.wav,stop,False,0.798855,0.634263,13.814772,0.798856
next_3.wav,next,submit_1.wav,submit,False,0.807084,0.621154,13.585133,0.807079
next_3.wav,next,submit_2.wav,submit,False,0.793037,0.643371,13.632872,0.793027
next_3.wav,next,submit_3.wav,submit,False,0.802185,0.628992,13.645128,0.802172
next_3.wav,next,submit_4.wav,submit,False,0.779665,0.663830,14.494526,0.779652
next_3.wav,next,submit_5.wav,submit,False,0.790515,0.647279,14.166077,0.790501
next_3.wav,next,submit_6.wav,submit,False,0.779121,0.664649,14.627522,0.779106
next_4.wav,next,next_5.wav,next,True,0.905394,0.434985,9.600573,0.905385
next_4.wav,next,next_6.wav,next,True,0.963072,0.271766,5.687598,0.963065
next_4.wav,next,next_7.wav,next,True,0.943302,0.336742,7.033055,0.943291
next_4.wav,next,next_8.wav,next,True,0.889656,0.469775,9.748929,0.889634
next_4.wav,next,previous_1.wav,previous,False,0.780226,0.662984,14.049133,0.780194
next_4.wav,next,previous_2.wav,previous,False,0.734606,0.728552,15.724126,0.734634
next_4.wav,next,previous_3.wav,previous,False,0.788561,0.650291,14.248978,0.788529
next_4.wav,next,previous_4.wav,previous,False,0.796533,0.637914,13.825527,0.796516
next_4.wav,next,previous_5.wav,previous,False,0.735606,0.727178,15.631756,0.735623
next_4.wav,next,previous_6.wav,previous,False,0.748397,0.709371,14.801944,0.748386
next_4.wav,next,save_1.wav,save,False,0.750030,0.707064,15.141935,0.750098
next_4.wav,next,save_2.wav,save,False,0.761998,0.689930,14.872471,0.762019
next_4.wav,next,save_3.wav,save,False,0.786356,0.653672,14.123459,0.786373
next_4.wav,next,save_4.wav,save,False,0.767191,0.682363,14.733551,0.767234
next_4.wav,next,save_5.wav,save,False,0.729054,0.736133,16.182819,0.729043
next_4.wav,next,save_6.wav,save,False,0.779164,0.664585,14.371609,0.779222
next_4.wav,next,stop_1.wav,stop,False,0.823278,0.594512,12.990098,0.823262
next_4.wav,next,stop_2.wav,stop,False,0.849319,0.548964,11.995167,0.849295
next_4.wav,next,stop_3.wav,stop,False,0.798509,0.634809,13.193205,0.798487
next_4.wav,next,stop_4.wav,stop,False,0.767558,0.681824,13.960398,0.767525
next_4.wav,next,stop_5.wav,stop,False,0.768882,0.679879,14.442636,0.768927
next_4.wav,next,stop_6.wav,stop,False,0.758989,0.694278,15.402370,0.759016
next_4.wav,next,submit_1.wav,submit,False,0.814185,0.609614,13.204837,0.814203
next_4.wav,next,submit_2.wav,submit,False,0.806460,0.622157,13.228043,0.806462
next_4.wav,next,submit_3.wav,submit,False,0.821591,0.597343,12.978360,0.821575
next_4.wav,next,submit_4.wav,submit,False,0.785158,0.655504,14.273588,0.785147
next_4.wav,next,submit_5.wav,submit,False,0.805641,0.623472,13.541676,0.805621
next_4.wav,next,submit_6.wav,submit,False,0.793231,0.643070,13.963684,0.793208
next_5.wav,next,next_6.wav,next,True,0.888558,0.472106,10.116439,0.888547
next_5.wav,next,next_7.wav,next,True,0.860465,0.528272,11.309772,0.860449
next_5.wav,next,next_8.wav,next,True,0.817721,0.603785,12.927860,0.817701
next_5.wav,next,previous_1.wav,previous,False,0.757775,0.696025,14.296021,0.757746
next_5.wav,next,previous_2.wav,previous,False,0.740899,0.719863,15.352760,0.740909
next_5.wav,next,previous_3.wav,previous,False,0.783971,0.657312,14.047033,0.783945
next_5.wav,next,previous_4.wav,previous,False,0.792354,0.644431,13.720393,0.792335
next_5.wav,next,previous_5.wav,previous,False,0.741101,0.719582,15.432053,0.741104
next_5.wav,next,previous_6.wav,previous,False,0.734322,0.728942,15.434283,0.734305
next_5.wav,next,save_1.wav,save,False,0.737346,0.724781,15.577673,0.737385
next_5.wav,next,save_2.wav,save,False,0.768645,0.680227,14.638444,0.768651
next_5.wav,next,save_3.wav,save,False,0.795598,0.639378,13.891998,0.795600
next_5.wav,next,save_4.wav,save,False,0.770164,0.677992,14.743710,0.770184
next_5.wav,next,save_5.wav,save,False,0.739326,0.722044,15.739801,0.739311
next_5.wav,next,save_6.wav,save,False,0.783275,0.658369,14.475107,0.783307
next_5.wav,next,stop_1.wav,stop,False,0.806162,0.622636,13.647329,0.806143
next_5.wav,next,stop_2.wav,stop,False,0.831729,0.580122,12.421655,0.831709
next_5.wav,next,stop_3.wav,stop,False,0.771636,0.675816,13.617594,0.771613
next_5.wav,next,stop_4.wav,stop,False,0.739688,0.721542,14.430518,0.739658
next_5.wav,next,stop_5.wav,stop,False,0.725811,0.740526,16.033951,0.725830
next_5.wav,next,stop_6.wav,stop,False,0.771405,0.676158,14.936008,0.771414
next_5.wav,next,submit_1.wav,submit,False,0.809120,0.617868,13.198919,0.809122
next_5.wav,next,submit_2.wav,submit,False,0.787032,0.652638,13.586401,0.787023
next_5.wav,next,submit_3.wav,submit,False,0.805420,0.623827,13.570873,0.805401
next_5.wav,next,submit_4.wav,submit,False,0.778602,0.665429,14.408869,0.778586
next_5.wav,next,submit_5.wav,submit,False,0.786818,0.652966,14.169537,0.786796
next_5.wav,next,submit_6.wav,submit,False,0.781918,0.660427,14.333729,0.781896
next_6.wav,next,next_7.wav,next,True,0.947073,0.325352,6.513166,0.947063
next_6.wav,next,next_8.wav,next,True,0.871664,0.506628,10.032873,0.871638
next_6.wav,next,previous_1.wav,previous,False,0.838938,0.567560,12.161384,0.838915
next_6.wav,next,previous_2.wav,previous,False,0.748685,0.708964,15.281669,0.748716
next_6.wav,next,previous_3.wav,previous,False,0.809344,0.617504,13.566439,0.809316
next_6.wav,next,previous_4.wav,previous,False,0.821580,0.597361,13.088376,0.821566
next_6.wav,next,previous_5.wav,previous,False,0.754130,0.701242,15.118180,0.754149
next_6.wav,next,previous_6.wav,previous,False,0.791211,0.646203,13.764767,0.791205
next_6.wav,next,save_1.wav,save,False,0.772708,0.674229,14.444839,0.772778
next_6.wav,next,save_2.wav,save,False,0.784565,0.656407,14.097271,0.784588
next_6.wav,next,save_3.wav,save,False,0.803386,0.627080,13.543320,0.803404
next_6.wav,next,save_4.wav,save,False,0.794246,0.641488,13.764707,0.794293
next_6.wav,next,save_5.wav,save,False,0.742653,0.717422,16.014748,0.742644
next_6.wav,next,save_6.wav,save,False,0.796012,0.638730,13.724741,0.796072
next_6.wav,next,stop_1.wav,stop,False,0.819165,0.601390,12.921249,0.819149
next_6.wav,next,stop_2.wav,stop,False,0.866985,0.515781,11.135183,0.866964
next_6.wav,next,stop_3.wav,stop,False,0.854380,0.539666,11.461907,0.854366
next_6.wav,next,stop_4.wav,stop,False,0.822430,0.595937,12.149458,0.822405
next_6.wav,next,stop_5.wav,stop,False,0.755057,0.699919,14.246373,0.755101
next_6.wav,next,stop_6.wav,stop,False,0.763861,0.687225,15.174649,0.763888
next_6.wav,next,submit_1.wav,submit,False,0.839902,0.565859,12.375328,0.839923
next_6.wav,next,submit_2.wav,submit,False,0.852731,0.542715,11.831352,0.852738
next_6.wav,next,submit_3.wav,submit,False,0.850885,0.546105,11.927820,0.850873
next_6.wav,next,submit_4.wav,submit,False,0.820748,0.598753,13.040317,0.820741
next_6.wav,next,submit_5.wav,submit,False,0.842578,0.561110,12.185293,0.842563
next_6.wav,next,submit_6.wav,submit,False,0.826278,0.589443,12.763418,0.826261
next_7.wav,next,next_8.wav,next,True,0.910069,0.424101,8.819804,0.910051
next_7.wav,next,previous_1.wav,previous,False,0.812242,0.612794,12.593748,0.812215
next_7.wav,next,previous_2.wav,previous,False,0.761421,0.690766,14.902376,0.761454
next_7.wav,next,previous_3.wav,previous,False,0.780774,0.662157,14.308371,0.780741
next_7.wav,next,previous_4.wav,previous,False,0.787771,0.651505,14.039379,0.787753
next_7.wav,next,previous_5.wav,previous,False,0.760861,0.691577,14.900703,0.760882
next_7.wav,next,previous_6.wav,previous,False,0.786694,0.653155,13.831676,0.786689
next_7.wav,next,save_1.wav,save,False,0.764166,0.686781,14.800731,0.764238
next_7.wav,next,save_2.wav,save,False,0.738146,0.723676,15.239890,0.738167
next_7.wav,next,save_3.wav,save,False,0.759240,0.693916,14.854639,0.759255
next_7.wav,next,save_4.wav,save,False,0.731826,0.732358,15.482035,0.731868
next_7.wav,next,save_5.wav,save,False,0.712607,0.758146,16.480190,0.712595
next_7.wav,next,save_6.wav,save,False,0.744213,0.715245,15.344049,0.744270
next_7.wav,next,stop_1.wav,stop,False,0.798769,0.634399,13.846487,0.798750
next_7.wav,next,stop_2.wav,stop,False,0.839485,0.566595,12.210713,0.839459
next_7.wav,next,stop_3.wav,stop,False,0.835741,0.573164,11.708652,0.835725
next_7.wav,next,stop_4.wav,stop,False,0.792827,0.643697,12.708473,0.792798
next_7.wav,next,stop_5.wav,stop,False,0.791381,0.645940,13.578220,0.791431
next_7.wav,next,stop_6.wav,stop,False,0.724874,0.741790,16.068687,0.724898
next_7.wav,next,submit_1.wav,submit,False,0.820866,0.598555,13.054827,0.820887
next_7.wav,next,submit_2.wav,submit,False,0.839801,0.566038,12.118071,0.839808
next_7.wav,next,submit_3.wav,submit,False,0.844161,0.558282,12.317347,0.844148
next_7.wav,next,submit_4.wav,submit,False,0.820975,0.598373,13.288893,0.820969
next_7.wav,next,submit_5.wav,submit,False,0.838486,0.568355,12.523449,0.838471
next_7.wav,next,submit_6.wav,submit,False,0.826291,0.589422,12.995094,0.826274
next_8.wav,next,previous_1.wav,previous,False,0.698254,0.776847,15.308578,0.698207
next_8.wav,next,previous_2.wav,previous,False,0.687407,0.790687,16.806055,0.687439
next_8.wav,next,previous_3.wav,previous,False,0.717890,0.751146,15.809322,0.717844
next_8.wav,next,previous_4.wav,previous,False,0.713159,0.757418,15.660406,0.713133
next_8.wav,next,previous_5.wav,previous,False,0.687750,0.790253,16.741573,0.687769
next_8.wav,next,previous_6.wav,previous,False,0.682389,0.797008,16.207355,0.682373
next_8.wav,next,save_1.wav,save,False,0.689409,0.788151,16.596336,0.689484
next_8.wav,next,save_2.wav,save,False,0.686855,0.791384,16.438860,0.686876
next_8.wav,next,save_3.wav,save,False,0.703096,0.770589,16.305969,0.703111
next_8.wav,next,save_4.wav,save,False,0.668664,0.814047,16.713772,0.668707
next_8.wav,next,save_5.wav,save,False,0.669625,0.812865,17.638556,0.669610
next_8.wav,next,save_6.wav,save,False,0.693415,0.783051,16.739330,0.693477
next_8.wav,next,stop_1.wav,stop,False,0.791713,0.645425,14.028965,0.791695
next_8.wav,next,stop_2.wav,stop,False,0.790906,0.646675,13.742884,0.790871
next_8.wav,next,stop_3.wav,stop,False,0.736025,0.726602,14.184799,0.735995
next_8.wav,next,stop_4.wav,stop,False,0.688635,0.789132,14.744073,0.688589
next_8.wav,next,stop_5.wav,stop,False,0.775508,0.670062,14.448313,0.775566
next_8.wav,next,stop_6.wav,stop,False,0.666401,0.816822,17.553589,0.666425
next_8.wav,next,submit_1.wav,submit,False,0.738839,0.722719,15.317236,0.738856
next_8.wav,next,submit_2.wav,submit,False,0.735055,0.727935,14.822562,0.735054
next_8.wav,next,submit_3.wav,submit,False,0.756653,0.697634,14.846586,0.756630
next_8.wav,next,submit_4.wav,submit,False,0.742627,0.717459,15.668228,0.742614
next_8.wav,next,submit_5.wav,submit,False,0.765021,0.685535,14.778992,0.764996
next_8.wav,next,submit_6.wav,submit,False,0.731288,0.733092,15.791090,0.731258
previous_1.wav,previous,previous_2.wav,previous,True,0.796329,0.638233,12.287557,0.796349
previous_1.wav,previous,previous_3.wav,previous,True,0.838359,0.568579,11.532984,0.838338
previous_1.wav,previous,previous_4.wav,previous,True,0.855974,0.536705,10.876495,0.855961
previous_1.wav,previous,previous_5.wav,previous,True,0.807665,0.620217,12.294661,0.807677
previous_1.wav,previous,previous_6.wav,previous,True,0.862865,0.523709,10.483680,0.862860
previous_1.wav,previous,save_1.wav,save,False,0.814729,0.608722,12.153791,0.814780
previous_1.wav,previous,save_2.wav,save,False,0.793931,0.641979,13.051896,0.793942
previous_1.wav,previous,save_3.wav,save,False,0.800326,0.631940,12.952675,0.800332
previous_1.wav,previous,save_4.wav,save,False,0.793169,0.643167,13.074114,0.793197
previous_1.wav,previous,save_5.wav,save,False,0.782154,0.660070,13.959669,0.782143
previous_1.wav,previous,save_6.wav,save,False,0.781232,0.661465,13.432956,0.781271
previous_1.wav,previous,stop_1.wav,stop,False,0.750342,0.706624,14.562287,0.750316
previous_1.wav,previous,stop_2.wav,stop,False,0.797620,0.636208,13.102901,0.797592
previous_1.wav,previous,stop_3.wav,stop,False,0.869682,0.510525,10.482435,0.869668
previous_1.wav,previous,stop_4.wav,stop,False,0.956343,0.295488,6.228501,0.956338
previous_1.wav,previous,stop_5.wav,stop,False,0.719460,0.749053,14.191307,0.719485
previous_1.wav,previous,stop_6.wav,stop,False,0.777602,0.666930,13.577365,0.777616
previous_1.wav,previous,submit_1.wav,submit,False,0.839594,0.566403,11.694559,0.839602
previous_1.wav,previous,submit_2.wav,submit,False,0.874781,0.500438,10.456788,0.874781
previous_1.wav,previous,submit_3.wav,submit,False,0.829216,0.584438,12.205750,0.829200
previous_1.wav,previous,submit_4.wav,submit,False,0.816129,0.606418,12.724092,0.816116
previous_1.wav,previous,submit_5.wav,submit,False,0.826500,0.589068,12.284662,0.826481
previous_1.wav,previous,submit_6.wav,submit,False,0.819794,0.600344,12.445828,0.819774
previous_2.wav,previous,previous_3.wav,previous,True,0.894156,0.460095,9.769312,0.894184
previous_2.wav,previous,previous_4.wav,previous,True,0.927788,0.380030,7.893809,0.927802
previous_2.wav,previous,previous_5.wav,previous,True,0.966061,0.260533,5.735329,0.966061
previous_2.wav,previous,previous_6.wav,previous,True,0.892566,0.463539,9.739424,0.892571
previous_2.wav,previous,save_1.wav,save,False,0.817543,0.604081,12.962194,0.817547
previous_2.wav,previous,save_2.wav,save,False,0.775166,0.670572,14.449764,0.775164
previous_2.wav,previous,save_3.wav,save,False,0.776935,0.667930,14.309506,0.776932
previous_2.wav,previous,save_4.wav,save,False,0.758331,0.695225,15.044681,0.758329
previous_2.wav,previous,save_5.wav,save,False,0.784969,0.655791,14.021194,0.784970
previous_2.wav,previous,save_6.wav,save,False,0.777585,0.666955,14.314276,0.777587
previous_2.wav,previous,stop_1.wav,stop,False,0.696826,0.778684,16.242130,0.696830
previous_2.wav,previous,stop_2.wav,stop,False,0.731035,0.733436,15.388748,0.731055
previous_2.wav,previous,stop_3.wav,stop,False,0.752713,0.703260,14.242581,0.752722
previous_2.wav,previous,stop_4.wav,stop,False,0.736942,0.725339,13.977637,0.736956
previous_2.wav,previous,stop_5.wav,stop,False,0.784755,0.656118,14.052185,0.784754
previous_2.wav,previous,stop_6.wav,stop,False,0.745518,0.713417,15.138115,0.745516
previous_2.wav,previous,submit_1.wav,submit,False,0.812046,0.613114,13.341114,0.812044
previous_2.wav,previous,submit_2.wav,submit,False,0.782232,0.659951,13.669004,0.782232
previous_2.wav,previous,submit_3.wav,submit,False,0.776919,0.667954,14.224092,0.776927
previous_2.wav,previous,submit_4.wav,submit,False,0.793795,0.642192,13.870541,0.793798
previous_2.wav,previous,submit_5.wav,submit,False,0.769005,0.679699,14.570248,0.769014
previous_2.wav,previous,submit_6.wav,submit,False,0.774611,0.671399,14.342461,0.774622
previous_3.wav,previous,previous_4.wav,previous,True,0.952903,0.306912,6.689165,0.952901
previous_3.wav,previous,previous_5.wav,previous,True,0.899773,0.447720,9.676891,0.899793
previous_3.wav,previous,previous_6.wav,previous,True,0.875239,0.499522,10.926799,0.875237
previous_3.wav,previous,save_1.wav,save,False,0.797579,0.636272,13.622318,0.797632
previous_3.wav,previous,save_2.wav,save,False,0.809962,0.616503,13.190334,0.809976
previous_3.wav,previous,save_3.wav,save,False,0.805890,0.623073,13.407732,0.805898
previous_3.wav,previous,save_4.wav,save,False,0.810778,0.615177,13.214417,0.810810
previous_3.wav,previous,save_5.wav,save,False,0.827139,0.587981,12.831676,0.827133
previous_3.wav,previous,save_6.wav,save,False,0.812029,0.613141,13.196031,0.812072
previous_3.wav,previous,stop_1.wav,stop,False,0.741474,0.719064,15.281542,0.741447
previous_3.wav,previous,stop_2.wav,stop,False,0.771518,0.675992,14.434818,0.771485
previous_3.wav,previous,stop_3.wav,stop,False,0.773028,0.673753,14.285320,0.773003
previous_3.wav,previous,stop_4.wav,stop,False,0.774882,0.670996,13.460689,0.774853
previous_3.wav,previous,stop_5.wav,stop,False,0.734134,0.729200,15.393314,0.734161
previous_3.wav,previous,stop_6.wav,stop,False,0.820788,0.598685,12.686000,0.820807
previous_3.wav,previous,submit_1.wav,submit,False,0.814467,0.609152,13.002727,0.814474
previous_3.wav,previous,submit_2.wav,submit,False,0.788361,0.650598,13.959561,0.788354
previous_3.wav,previous,submit_3.wav,submit,False,0.788283,0.650717,13.993610,0.788262
previous_3.wav,previous,submit_4.wav,submit,False,0.783142,0.658572,14.261330,0.783127
previous_3.wav,previous,submit_5.wav,submit,False,0.777512,0.667065,14.363485,0.777488
previous_3.wav,previous,submit_6.wav,submit,False,0.766377,0.683555,14.758512,0.766351
previous_4.wav,previous,previous_5.wav,previous,True,0.939059,0.349115,7.567312,0.939068
previous_4.wav,previous,previous_6.wav,previous,True,0.890850,0.467226,10.075287,0.890844
previous_4.wav,previous,save_1.wav,save,False,0.827078,0.588086,12.585527,0.827111
previous_4.wav,previous,save_2.wav,save,False,0.827520,0.587332,12.671803,0.827524
previous_4.wav,previous,save_3.wav,save,False,0.842526,0.561203,12.140979,0.842526
previous_4.wav,previous,save_4.wav,save,False,0.822936,0.595086,12.975671,0.822952
previous_4.wav,previous,save_5.wav,save,False,0.841217,0.563529,12.225074,0.841209
previous_4.wav,previous,save_6.wav,save,False,0.825575,0.590635,12.787615,0.825600
previous_4.wav,previous,stop_1.wav,stop,False,0.757123,0.696961,14.602458,0.757102
previous_4.wav,previous,stop_2.wav,stop,False,0.794321,0.641372,13.667702,0.794302
previous_4.wav,previous,stop_3.wav,stop,False,0.802465,0.628546,13.107719,0.802448
previous_4.wav,previous,stop_4.wav,stop,False,0.809329,0.617529,12.439476,0.809311
previous_4.wav,previous,stop_5.wav,stop,False,0.757635,0.696226,14.244991,0.757649
previous_4.wav,previous,stop_6.wav,stop,False,0.820373,0.599378,12.596702,0.820379
previous_4.wav,previous,submit_1.wav,submit,False,0.839286,0.566946,12.232351,0.839286
previous_4.wav,previous,submit_2.wav,submit,False,0.815252,0.607861,12.766605,0.815243
previous_4.wav,previous,submit_3.wav,submit,False,0.807292,0.620818,13.222539,0.807276
previous_4.wav,previous,submit_4.wav,submit,False,0.808221,0.619320,13.350294,0.808208
previous_4.wav,previous,submit_5.wav,submit,False,0.800936,0.630974,13.568819,0.800918
previous_4.wav,previous,submit_6.wav,submit,False,0.792625,0.644011,13.706427,0.792607
previous_5.wav,previous,previous_6.wav,previous,True,0.920042,0.399895,8.307181,0.920044
previous_5.wav,previous,save_1.wav,save,False,0.822662,0.595547,12.828170,0.822669
previous_5.wav,previous,save_2.wav,save,False,0.779734,0.663725,14.478580,0.779731
previous_5.wav,previous,save_3.wav,save,False,0.777834,0.666582,14.513229,0.777830
previous_5.wav,previous,save_4.wav,save,False,0.759074,0.694155,15.231377,0.759073
previous_5.wav,previous,save_5.wav,save,False,0.789371,0.649044,14.050412,0.789368
previous_5.wav,previous,save_6.wav,save,False,0.778431,0.665686,14.491630,0.778434
previous_5.wav,previous,stop_1.wav,stop,False,0.696211,0.779473,16.281410,0.696209
previous_5.wav,previous,stop_2.wav,stop,False,0.730255,0.734500,15.568790,0.730264
previous_5.wav,previous,stop_3.wav,stop,False,0.758488,0.694999,14.324509,0.758491
previous_5.wav,previous,stop_4.wav,stop,False,0.752277,0.703879,13.760616,0.752283
previous_5.wav,previous,stop_5.wav,stop,False,0.761625,0.690472,14.552616,0.761624
previous_5.wav,previous,stop_6.wav,stop,False,0.742644,0.717434,15.198800,0.742640
previous_5.wav,previous,submit_1.wav,submit,False,0.801904,0.629438,13.757942,0.801900
previous_5.wav,previous,submit_2.wav,submit,False,0.783480,0.658058,13.867672,0.783476
previous_5.wav,previous,submit_3.wav,submit,False,0.778821,0.665100,14.243657,0.778822
previous_5.wav,previous,submit_4.wav,submit,False,0.790552,0.647222,14.244572,0.790550
previous_5.wav,previous,submit_5.wav,submit,False,0.769788,0.678545,14.722710,0.769791
previous_5.wav,previous,submit_6.wav,submit,False,0.769420,0.679088,14.735215,0.769423
previous_6.wav,previous,save_1.wav,save,False,0.836347,0.572107,12.193320,0.836368
previous_6.wav,previous,save_2.wav,save,False,0.787161,0.652440,14.148207,0.787158
previous_6.wav,previous,save_3.wav,save,False,0.775737,0.669721,14.200714,0.775731
previous_6.wav,previous,save_4.wav,save,False,0.771466,0.676068,14.682743,0.771473
previous_6.wav,previous,save_5.wav,save,False,0.764466,0.686344,14.637373,0.764453
previous_6.wav,previous,save_6.wav,save,False,0.774935,0.670917,14.297045,0.774949
previous_6.wav,previous,stop_1.wav,stop,False,0.690802,0.786382,16.344215,0.690782
previous_6.wav,previous,stop_2.wav,stop,False,0.739425,0.721908,15.160186,0.739410
previous_6.wav,previous,stop_3.wav,stop,False,0.824891,0.591792,12.455403,0.824881
previous_6.wav,previous,stop_4.wav,stop,False,0.815612,0.607270,11.851787,0.815602
previous_6.wav,previous,stop_5.wav,stop,False,0.731189,0.733228,14.787220,0.731195
previous_6.wav,previous,stop_6.wav,stop,False,0.733536,0.730020,14.702159,0.733534
previous_6.wav,previous,submit_1.wav,submit,False,0.818374,0.602704,12.797515,0.818370
previous_6.wav,previous,submit_2.wav,submit,False,0.848950,0.549636,11.588447,0.848943
previous_6.wav,previous,submit_3.wav,submit,False,0.806397,0.622259,13.150061,0.806385
previous_6.wav,previous,submit_4.wav,submit,False,0.814779,0.608639,12.854403,0.814768
previous_6.wav,previous,submit_5.wav,submit,False,0.802538,0.628429,13.436460,0.802526
previous_6.wav,previous,submit_6.wav,submit,False,0.813982,0.609949,13.104847,0.813971
save_1.wav,save,save_2.wav,save,True,0.934846,0.360981,7.741685,0.934854
save_1.wav,save,save_3.wav,save,True,0.888767,0.471663,10.128545,0.888777
save_1.wav,save,save_4.wav,save,True,0.923146,0.392057,8.322816,0.923148
save_1.wav,save,save_5.wav,save,True,0.836469,0.571894,12.522916,0.836489
save_1.wav,save,save_6.wav,save,True,0.894264,0.459861,9.993429,0.894264
save_1.wav,save,stop_1.wav,stop,False,0.729098,0.736074,15.533997,0.729129
save_1.wav,save,stop_2.wav,stop,False,0.768678,0.680179,14.475216,0.768734
save_1.wav,save,stop_3.wav,stop,False,0.800132,0.632246,13.262947,0.800170
save_1.wav,save,stop_4.wav,stop,False,0.797347,0.636637,12.509286,0.797394
save_1.wav,save,stop_5.wav,stop,False,0.752319,0.703820,14.761552,0.752320
save_1.wav,save,stop_6.wav,stop,False,0.745046,0.714079,14.985308,0.745050
save_1.wav,save,submit_1.wav,submit,False,0.826152,0.589657,12.474639,0.826162
save_1.wav,save,submit_2.wav,submit,False,0.827130,0.587997,12.416296,0.827147
save_1.wav,save,submit_3.wav,submit,False,0.821118,0.598135,12.629446,0.821153
save_1.wav,save,submit_4.wav,submit,False,0.827234,0.587820,12.820480,0.827259
save_1.wav,save,submit_5.wav,submit,False,0.827934,0.586628,12.596977,0.827973
save_1.wav,save,submit_6.wav,submit,False,0.815004,0.608271,13.230139,0.815042
save_2.wav,save,save_3.wav,save,True,0.922973,0.392498,8.514445,0.922971
save_2.wav,save,save_4.wav,save,True,0.967451,0.255143,5.563598,0.967453
save_2.wav,save,save_5.wav,save,True,0.851414,0.545135,12.141567,0.851413
save_2.wav,save,save_6.wav,save,True,0.936619,0.356037,7.834713,0.936623
save_2.wav,save,stop_1.wav,stop,False,0.760053,0.692744,14.436052,0.760054
save_2.wav,save,stop_2.wav,stop,False,0.793113,0.643252,13.606140,0.793129
save_2.wav,save,stop_3.wav,stop,False,0.772894,0.673952,14.050577,0.772898
save_2.wav,save,stop_4.wav,stop,False,0.775769,0.669672,13.301296,0.775778
save_2.wav,save,stop_5.wav,stop,False,0.734803,0.728282,15.132437,0.734802
save_2.wav,save,stop_6.wav,stop,False,0.767221,0.682318,14.652565,0.767217
save_2.wav,save,submit_1.wav,submit,False,0.814442,0.609192,12.884487,0.814439
save_2.wav,save,submit_2.wav,submit,False,0.790752,0.646913,13.538195,0.790749
save_2.wav,save,submit_3.wav,submit,False,0.806126,0.622694,13.121361,0.806130
save_2.wav,save,submit_4.wav,submit,False,0.794788,0.640644,13.773705,0.794787
save_2.wav,save,submit_5.wav,submit,False,0.804936,0.624602,13.354258,0.804941
save_2.wav,save,submit_6.wav,submit,False,0.780436,0.662667,14.133601,0.780440
save_3.wav,save,save_4.wav,save,True,0.918607,0.403468,8.563984,0.918609
save_3.wav,save,save_5.wav,save,True,0.873910,0.502175,11.033545,0.873908
save_3.wav,save,save_6.wav,save,True,0.914877,0.412608,9.078968,0.914883
save_3.wav,save,stop_1.wav,stop,False,0.815165,0.608005,12.854662,0.815165
save_3.wav,save,stop_2.wav,stop,False,0.837600,0.569912,11.931013,0.837614
save_3.wav,save,stop_3.wav,stop,False,0.793607,0.642483,13.118034,0.793608
save_3.wav,save,stop_4.wav,stop,False,0.787703,0.651608,13.055786,0.787707
save_3.wav,save,stop_5.wav,stop,False,0.752262,0.703901,14.495479,0.752262
save_3.wav,save,stop_6.wav,stop,False,0.820138,0.599769,12.836674,0.820136
save_3.wav,save,submit_1.wav,submit,False,0.830314,0.582557,12.358551,0.830310
save_3.wav,save,submit_2.wav,submit,False,0.793808,0.642171,13.249334,0.793803
save_3.wav,save,submit_3.wav,submit,False,0.825017,0.591579,12.395180,0.825018
save_3.wav,save,submit_4.wav,submit,False,0.808234,0.619300,13.003658,0.808230
save_3.wav,save,submit_5.wav,submit,False,0.828586,0.585515,12.364355,0.828588
save_3.wav,save,submit_6.wav,submit,False,0.790321,0.647578,13.781146,0.790322
save_4.wav,save,save_5.wav,save,True,0.858218,0.532507,11.624897,0.858227
save_4.wav,save,save_6.wav,save,True,0.938503,0.350704,7.707577,0.938504
save_4.wav,save,stop_1.wav,stop,False,0.747811,0.710196,14.933861,0.747826
save_4.wav,save,stop_2.wav,stop,False,0.788691,0.650091,13.762478,0.788725
save_4.wav,save,stop_3.wav,stop,False,0.772249,0.674909,14.153380,0.772267
save_4.wav,save,stop_4.wav,stop,False,0.774318,0.671836,13.446366,0.774343
save_4.wav,save,stop_5.wav,stop,False,0.715366,0.754499,15.566574,0.715364
save_4.wav,save,stop_6.wav,stop,False,0.783439,0.658120,13.827505,0.783438
save_4.wav,save,submit_1.wav,submit,False,0.819022,0.601628,12.836886,0.819023
save_4.wav,save,submit_2.wav,submit,False,0.787213,0.652360,13.817938,0.787218
save_4.wav,save,submit_3.wav,submit,False,0.799678,0.632965,13.503513,0.799695
save_4.wav,save,submit_4.wav,submit,False,0.792068,0.644875,13.743657,0.792078
save_4.wav,save,submit_5.wav,submit,False,0.800496,0.631670,13.396889,0.800515
save_4.wav,save,submit_6.wav,submit,False,0.771848,0.675503,14.566911,0.771866
save_5.wav,save,save_6.wav,save,True,0.865619,0.518422,11.458517,0.865634
save_5.wav,save,stop_1.wav,stop,False,0.741763,0.718661,15.800159,0.741748
save_5.wav,save,stop_2.wav,stop,False,0.731929,0.732217,15.848524,0.731915
save_5.wav,save,stop_3.wav,stop,False,0.718015,0.750980,15.744223,0.717998
save_5.wav,save,stop_4.wav,stop,False,0.744167,0.715309,14.734243,0.744152
save_5.wav,save,stop_5.wav,stop,False,0.743291,0.716531,15.303120,0.743297
save_5.wav,save,stop_6.wav,stop,False,0.816369,0.606021,13.433081,0.816370
save_5.wav,save,submit_1.wav,submit,False,0.784607,0.656342,14.353756,0.784601
save_5.wav,save,submit_2.wav,submit,False,0.739503,0.721799,15.446133,0.739491
save_5.wav,save,submit_3.wav,submit,False,0.752297,0.703850,15.361744,0.752283
save_5.wav,save,submit_4.wav,submit,False,0.757000,0.697136,15.423074,0.756987
save_5.wav,save,submit_5.wav,submit,False,0.760181,0.692559,15.403049,0.760167
save_5.wav,save,submit_6.wav,submit,False,0.720744,0.747337,16.369186,0.720726
save_6.wav,save,stop_1.wav,stop,False,0.760929,0.691478,14.822939,0.760954
save_6.wav,save,stop_2.wav,stop,False,0.794844,0.640556,13.610479,0.794891
save_6.wav,save,stop_3.wav,stop,False,0.758226,0.695377,14.500283,0.758253
save_6.wav,save,stop_4.wav,stop,False,0.754834,0.700238,13.877068,0.754868
save_6.wav,save,stop_5.wav,stop,False,0.757878,0.695877,14.573900,0.757878
save_6.wav,save,stop_6.wav,stop,False,0.801478,0.630115,13.425055,0.801479
save_6.wav,save,submit_1.wav,submit,False,0.824323,0.592751,13.011635,0.824329
save_6.wav,save,submit_2.wav,submit,False,0.782090,0.660166,14.039160,0.782101
save_6.wav,save,submit_3.wav,submit,False,0.812521,0.612339,13.186363,0.812547
save_6.wav,save,submit_4.wav,submit,False,0.795970,0.638795,13.953592,0.795988
save_6.wav,save,submit_5.wav,submit,False,0.802753,0.628087,13.667434,0.802782
save_6.wav,save,submit_6.wav,submit,False,0.771648,0.675798,14.614425,0.771676
stop_1.wav,stop,stop_2.wav,stop,True,0.946144,0.328194,7.145552,0.946142
stop_1.wav,stop,stop_3.wav,stop,True,0.859799,0.529531,10.181641,0.859786
stop_1.wav,stop,stop_4.wav,stop,True,0.777586,0.666955,12.974741,0.777563
stop_1.wav,stop,stop_5.wav,stop,True,0.788609,0.650217,13.961505,0.788627
stop_1.wav,stop,stop_6.wav,stop,True,0.762596,0.689063,14.863651,0.762601
stop_1.wav,stop,submit_1.wav,submit,False,0.798591,0.634680,13.629935,0.798589
stop_1.wav,stop,submit_2.wav,submit,False,0.784949,0.655822,13.390779,0.784938
stop_1.wav,stop,submit_3.wav,submit,False,0.807072,0.621173,13.165113,0.807055
stop_1.wav,stop,submit_4.wav,submit,False,0.786407,0.653595,14.153475,0.786392
stop_1.wav,stop,submit_5.wav,submit,False,0.805515,0.623675,13.576169,0.805497
stop_1.wav,stop,submit_6.wav,submit,False,0.780495,0.662578,14.055928,0.780475
stop_2.wav,stop,stop_3.wav,stop,True,0.916535,0.408570,7.787407,0.916528
stop_2.wav,stop,stop_4.wav,stop,True,0.818641,0.602261,11.768954,0.818617
stop_2.wav,stop,stop_5.wav,stop,True,0.791616,0.645576,13.426910,0.791651
stop_2.wav,stop,stop_6.wav,stop,True,0.747425,0.710739,15.132185,0.747442
stop_2.wav,stop,submit_1.wav,submit,False,0.842959,0.560431,12.127159,0.842972
stop_2.wav,stop,submit_2.wav,submit,False,0.836306,0.572179,11.769225,0.836305
stop_2.wav,stop,submit_3.wav,submit,False,0.855891,0.536858,11.571677,0.855878
stop_2.wav,stop,submit_4.wav,submit,False,0.838634,0.568095,12.253460,0.838626
stop_2.wav,stop,submit_5.wav,submit,False,0.854725,0.539028,11.635797,0.854709
stop_2.wav,stop,submit_6.wav,submit,False,0.837748,0.569652,12.437730,0.837731
stop_3.wav,stop,stop_4.wav,stop,True,0.903722,0.438812,8.376820,0.903712
stop_3.wav,stop,stop_5.wav,stop,True,0.756439,0.697941,13.310638,0.756457
stop_3.wav,stop,stop_6.wav,stop,True,0.708376,0.763707,15.473436,0.708379
stop_3.wav,stop,submit_1.wav,submit,False,0.856512,0.535701,11.076375,0.856516
stop_3.wav,stop,submit_2.wav,submit,False,0.904582,0.436847,9.466804,0.904581
stop_3.wav,stop,submit_3.wav,submit,False,0.865054,0.519511,11.101826,0.865041
stop_3.wav,stop,submit_4.wav,submit,False,0.853556,0.541191,11.428373,0.853546
stop_3.wav,stop,submit_5.wav,submit,False,0.866779,0.516180,10.834846,0.866766
stop_3.wav,stop,submit_6.wav,submit,False,0.860692,0.527841,11.242579,0.860678
stop_4.wav,stop,stop_5.wav,stop,True,0.717918,0.751108,13.587934,0.717941
stop_4.wav,stop,stop_6.wav,stop,True,0.739021,0.722467,14.335685,0.739031
stop_4.wav,stop,submit_1.wav,submit,False,0.820361,0.599398,11.757685,0.820367
stop_4.wav,stop,submit_2.wav,submit,False,0.874581,0.500838,9.989497,0.874580
stop_4.wav,stop,submit_3.wav,submit,False,0.816825,0.605269,12.167221,0.816807
stop_4.wav,stop,submit_4.wav,submit,False,0.804460,0.625364,12.544191,0.804446
stop_4.wav,stop,submit_5.wav,submit,False,0.817616,0.603960,11.934982,0.817597
stop_4.wav,stop,submit_6.wav,submit,False,0.808667,0.618600,12.318445,0.808647
stop_5.wav,stop,stop_6.wav,stop,True,0.741743,0.718689,15.547146,0.741742
stop_5.wav,stop,submit_1.wav,submit,False,0.787856,0.651374,13.498131,0.787857
stop_5.wav,stop,submit_2.wav,submit,False,0.746894,0.711486,14.215709,0.746898
stop_5.wav,stop,submit_3.wav,submit,False,0.763308,0.688029,14.430776,0.763324
stop_5.wav,stop,submit_4.wav,submit,False,0.781094,0.661674,13.931344,0.781104
stop_5.wav,stop,submit_5.wav,submit,False,0.781103,0.661661,13.853574,0.781122
stop_5.wav,stop,submit_6.wav,submit,False,0.759306,0.693821,14.771248,0.759325
stop_6.wav,stop,submit_1.wav,submit,False,0.792301,0.644514,13.518133,0.792298
stop_6.wav,stop,submit_2.wav,submit,False,0.732346,0.731648,15.011422,0.732342
stop_6.wav,stop,submit_3.wav,submit,False,0.744516,0.714820,15.146307,0.744520
stop_6.wav,stop,submit_4.wav,submit,False,0.739707,0.721516,15.375195,0.739706
stop_6.wav,stop,submit_5.wav,submit,False,0.747175,0.711091,15.268609,0.747180
stop_6.wav,stop,submit_6.wav,submit,False,0.727565,0.738153,15.587274,0.727570
submit_1.wav,submit,submit_2.wav,submit,True,0.932535,0.367329,7.631868,0.932534
submit_1.wav,submit,submit_3.wav,submit,True,0.931698,0.369600,7.985463,0.931704
submit_1.wav,submit,submit_4.wav,submit,True,0.944857,0.332094,7.326562,0.944859
submit_1.wav,submit,submit_5.wav,submit,True,0.937633,0.353178,7.673971,0.937641
submit_1.wav,submit,submit_6.wav,submit,True,0.924610,0.388304,8.426338,0.924618
submit_2.wav,submit,submit_3.wav,submit,True,0.956654,0.294435,5.975626,0.956655
submit_2.wav,submit,submit_4.wav,submit,True,0.930303,0.373356,7.748773,0.930300
submit_2.wav,submit,submit_5.wav,submit,True,0.932702,0.366874,7.449456,0.932702
submit_2.wav,submit,submit_6.wav,submit,True,0.949420,0.318057,6.569007,0.949422
submit_3.wav,submit,submit_4.wav,submit,True,0.936819,0.355474,7.478228,0.936815
submit_3.wav,submit,submit_5.wav,submit,True,0.951020,0.312987,6.729217,0.951015
submit_3.wav,submit,submit_6.wav,submit,True,0.956008,0.296621,6.495832,0.956004
submit_4.wav,submit,submit_5.wav,submit,True,0.973332,0.230947,4.969026,0.973331
submit_4.wav,submit,submit_6.wav,submit,True,0.938646,0.350298,7.613607,0.938643
submit_5.wav,submit,submit_6.wav,submit,True,0.942397,0.339421,7.439378,0.942391
