wrong,correct,wrong_count,correct_count
ප්‍රධාන ම,ප්‍රධානම,25,6
ප්‍රායෝගික ව,ප්‍රායෝගිකව,23,3
බ්‍රහස්පතින්දා ය,බ්‍රහස්පතින්දාය,18,8
විශ්ව විද්‍යාලයේ,විශ්වවිද්‍යාලයේ,15,10
ආශ්‍රිත ව,ආශ්‍රිතව,9,7
ක්‍රියා කරන,ක්‍රියාකරන,9,7
ක්‍රියා කළ,ක්‍රියාකළ,8,5
දිව්‍ය ලෝක,දිව්‍යලෝක,7,3
ටෙලි නාට්‍යය,ටෙලිනාට්‍යය,7,4
අභාග්‍ය සම්පන්න,අභාග්‍යසම්පන්න,7,4
ටෙලි නාට්‍යයක්,ටෙලිනාට්‍යයක්,7,3
විශ්ව විද්‍යාලයට,විශ්වවිද්‍යාලයට,6,7
ප්‍රාණ ඝාත,ප්‍රාණඝාත,5,10
සෞඛ්‍යය ද,සෞඛ්‍යයද,4,3
අත්‍යවශ්‍ය ය,අත්‍යවශ්‍යය,4,6
අග්‍ර ශ්‍රාවක,අග්‍රශ්‍රාවක,3,3
ක්‍රියා වල,ක්‍රියාවල,3,4
උත්සව ශ්‍රීයෙන්,උත්සවශ්‍රීයෙන්,3,3
අමු ද්‍රව්‍ය,අමුද්‍රව්‍ය,3,3
ධර්ම චක්‍ර,ධර්මචක්‍ර,3,3
බුද්ධ ප්‍රතිමාවල,බුද්ධප්‍රතිමාවල,3,3
ප්‍රාණ ඝාතය,ප්‍රාණඝාතය,3,10
අයිස් ක්‍රීම්,අයිස්ක්‍රීම්,3,6
ග්‍රන්ථ ය,ග්‍රන්ථය,3,27
ප්‍රකට ය,ප්‍රකටය,3,5
ආණ්ඩු ක්‍රමයේ,ආණ්ඩුක්‍රමයේ,2,3
ප්‍රදේශයේ ය,ප්‍රදේශයේය,2,4
අග්‍ර ඵලය,අග්‍රඵලය,2,3
ටෙලි නාට්‍යයේ,ටෙලිනාට්‍යයේ,2,5
ක්‍රියාමාර් ග,ක්‍රියාමාර්ග,2,31
ක්‍රම සම්පාදන,ක්‍රමසම්පාදන,2,4
ප්‍රතිකාර වලට,ප්‍රතිකාරවලට,2,3
ප්‍රශ්න වල,ප්‍රශ්නවල,2,4
ප්‍රමාණවත් ය,ප්‍රමාණවත්ය,2,4
උපක්‍රමශීලී ව,උපක්‍රමශීලීව,2,3
ටෙලි නාට්‍යයට,ටෙලිනාට්‍යයට,2,4
සම්ප්‍රදාය යි,සම්ප්‍රදායයි,2,7
ප්‍රාණ ඝාතයෙන්,ප්‍රාණඝාතයෙන්,2,7
ව්‍යාපාර ය,ව්‍යාපාරය,2,43
ක්‍රමය යි,ක්‍රමයයි,2,8
ටෙලි නාට්‍යවල,ටෙලිනාට්‍යවල,2,3
චිත්‍රපට වලට,චිත්‍රපටවලට,1,8
ප්‍රබල යි,ප්‍රබලයි,1,7
සත්‍ය යයි,සත්‍යයයි,1,5
ප්‍රදේශ වල,ප්‍රදේශවල,1,60
ප්‍රදේශවල ට,ප්‍රදේශවලට,1,7
ක්‍රීඩා වල,ක්‍රීඩාවල,1,3
ප්‍රෝටීන වල,ප්‍රෝටීනවල,1,3
මාධ්‍ය වල,මාධ්‍යවල,1,4
ප්‍රශ්න වලින්,ප්‍රශ්නවලින්,1,8
ක්‍රම වල,ක්‍රමවල,1,6
මිත්‍ර ශීලී,මිත්‍රශීලී,1,3
අනවශ්‍ය ය,අනවශ්‍යය,1,3
ක්‍රියා කිරීමේ,ක්‍රියාකිරීමේ,1,3
ජනප්‍රිය ය,ජනප්‍රියය,1,3
පාප මිත්‍රයාගේ,පාපමිත්‍රයාගේ,1,3
ක්‍රියා කලාපයන්,ක්‍රියාකලාපයන්,1,3
ප්‍රතිඵල ය,ප්‍රතිඵලය,1,60
විශ්ව විද්‍යාලයෙන්,විශ්වවිද්‍යාලයෙන්,1,4
ක්‍රියා කර,ක්‍රියාකර,1,4
