split_form,glued_form,split_occurrences,glued_occurrences,example_sentence
ප්‍රධාන ම,ප්‍රධානම,25,6,අනෙක මෙහි ප්‍රධාන ම අර්බුදයට හේතු වී ඇත්තේ
ප්‍රායෝගික ව,ප්‍රායෝගිකව,23,3,ඔය පෙරදිග විද්‍යාව බිහිකරන එක ප්‍රායෝගික ව අමාරුයි
බ්‍රහස්පතින්දා ය,බ්‍රහස්පතින්දාය,18,8,මීළඟ පෝය දෙසැම්බර් මස 27 වැනි දා බ්‍රහස්පතින්දා ය.
විශ්ව විද්‍යාලයේ,විශ්වවිද්‍යාලයේ,15,10,විශ්ව විද්‍යාලයේ සිටියදීත
ආශ්‍රිත ව,ආශ්‍රිතව,9,7,කෘෂිකාර්මික කටයුතු ආශ්‍රිත ව
ක්‍රියා කරන,ක්‍රියාකරන,9,7,ක්‍රියා කරන ධර්ම පනස් දෙකක් ඇත
ක්‍රියා කළ,ක්‍රියාකළ,8,5,ක්‍රියා කළ යුතු ය යන්නයි.
දිව්‍ය ලෝක,දිව්‍යලෝක,7,3,මිනිස් ලොව හා දිව්‍ය ලෝක හයත්
ටෙලි නාට්‍යය,ටෙලිනාට්‍යය,7,4,අනෙක් ටෙලි නාට්‍යය
අභාග්‍ය සම්පන්න,අභාග්‍යසම්පන්න,7,4,වර්තමානයේ ඉතා අභාග්‍ය සම්පන්න ය.
ටෙලි නාට්‍යයක්,ටෙලිනාට්‍යයක්,7,3,කියවෙන ටෙලි නාට්‍යයක්.
විශ්ව විද්‍යාලයට,විශ්වවිද්‍යාලයට,6,7,විශ්ව විද්‍යාලයට එන්නේ තම අනාගතය කරපින්නා ගෙනය.
ප්‍රාණ ඝාත,ප්‍රාණඝාත,5,10,ඒ නිසා ප්‍රාණ ඝාත කිසිවත් පිළිගන්නේ නෑ.
සෞඛ්‍යය ද,සෞඛ්‍යයද,4,3,ආහාරපාන විසින් අපගේ සෞඛ්‍යය ද පැහැරගෙන ඇත.
අත්‍යවශ්‍ය ය,අත්‍යවශ්‍යය,4,6,අධ්‍යාපනඥයින් විසින් යොමු වීම අත්‍යවශ්‍ය ය
අග්‍ර ශ්‍රාවක,අග්‍රශ්‍රාවක,3,3,අග්‍ර ශ්‍රාවක තනතුරු පිරිනැමීම සිදු විය.
ක්‍රියා වල,ක්‍රියාවල,3,4,සාමුහික ක්‍රියා වල දී මුල් තැන ගෙන
උත්සව ශ්‍රීයෙන්,උත්සවශ්‍රීයෙන්,3,3,උත්සව ශ්‍රීයෙන් සැමරූ බවක් ද
අමු ද්‍රව්‍ය,අමුද්‍රව්‍ය,3,3,ඇය දන්නේ බෙහෙතට යොදා ගත් අමු ද්‍රව්‍ය පමණි
ධර්ම චක්‍ර,ධර්මචක්‍ර,3,3,මෙහි ධර්ම චක්‍ර ප්‍රවර්තන මුද්‍රාව
බුද්ධ ප්‍රතිමාවල,බුද්ධප්‍රතිමාවල,3,3,බුද්ධ ප්‍රතිමාවල ආසන වර්ග
ප්‍රාණ ඝාතය,ප්‍රාණඝාතය,3,10,"එනම්, ප්‍රාණ ඝාතය, අදත්තාදානය, කාම මිථ්‍යාචාරය"
අයිස් ක්‍රීම්,අයිස්ක්‍රීම්,3,6,අයිස් ක්‍රීම් කන්න කියලා
ග්‍රන්ථ ය,ග්‍රන්ථය,3,27,එක හුස්මට ලියා ගෙන ගියා වූ ග්‍රන්ථ ය
ප්‍රකට ය,ප්‍රකටය,3,5,ප්‍රතිකාර කළ බව ප්‍රකට ය
ආණ්ඩු ක්‍රමයේ,ආණ්ඩුක්‍රමයේ,2,3,"ඊළඟට අපි අවධානය යොමු කරමු, සෝල්බරි ආණ්ඩු ක්‍රමයේ ඊළඟ වැදගත් ලක්ෂණය නැත්නම් ඊලග වැදගත් ආයතනය වෙච්ච"
ප්‍රදේශයේ ය,ප්‍රදේශයේය,2,4,ඉහළ කොත්මලා ඔය ජලාශයේ ජල පෝෂක ප්‍රදේශයේ ය
අග්‍ර ඵලය,අග්‍රඵලය,2,3,පිවිතුරු බුද්ධ ධර්මයේ අග්‍ර ඵලය වූ
ටෙලි නාට්‍යයේ,ටෙලිනාට්‍යයේ,2,5,චක්‍ර ටෙලි නාට්‍යයේ
ක්‍රියාමාර් ග,ක්‍රියාමාර්ග,2,31,සපුගස්කන්ද පොලිස් ස්ථානය අධික්ෂණය කරනු ලබන ජ්‍යෙෂ්ඨ රාජ්‍ය නිලධාරීන්ට එරෙහිව විනය ක්‍රියාමාර් ග ගන්නැයි
ක්‍රම සම්පාදන,ක්‍රමසම්පාදන,2,4,ඒ එක්කම ඒ ක්‍රම සම්පාදන ක්‍රමවේදය ගත්තම ඒ ටෙන්ඩර් කැඳවීම අනිත් පැත්තේන්
ප්‍රතිකාර වලට,ප්‍රතිකාරවලට,2,3,එතනින් එහාට වර්ධනය වීම හෝ පැතිරීම නවත්තන්න තියෙන ප්‍රතිකාර වලට යොමුවෙන්න ඕනේ ශල්‍යකර්මයක් වෙන්න පුළුවන්
ප්‍රශ්න වල,ප්‍රශ්නවල,2,4,සෝල්බරි ආණ්ඩුක්‍රමය මගින් ද්වී මණ්ඩල පාර්ලිමේන්තුවක් ලංකාවට හඳුන්වලා දුන්න. සමහර වෙලාවට විභාග ප්‍රශ්න වල දී මේ වගේ
ශ්‍රී ලංකන්,ශ්‍රීලංකන්,2,3,ඔයාට ඉන්නේ ශ්‍රී ලංකාවේ followers විතරක් නම් එතකොට එයාලට පෙන්නන්නෙ ශ්‍රී ලංකන් audience එකට boost කරපු advertisments විතරයි නේ
ප්‍රමාණවත් ය,ප්‍රමාණවත්ය,2,4,ගබඩා කර ගැනීමට ප්‍රමාණවත් ය.
උපක්‍රමශීලී ව,උපක්‍රමශීලීව,2,3,ධර්මපාල තුමා උපක්‍රමශීලී ව කටයුතු කළේ ය.
ටෙලි නාට්‍යයට,ටෙලිනාට්‍යයට,2,4,ස්වර්ණවාහිනියෙන් මට මේ ටෙලි නාට්‍යයට
සම්ප්‍රදාය යි,සම්ප්‍රදායයි,2,7,දේවාලය තුළ පිරිත් පැන් ඉසීමත් සම්ප්‍රදාය යි.
ප්‍රාණ ඝාතයෙන්,ප්‍රාණඝාතයෙන්,2,7,"බුදු හිමියෝ ප්‍රාණ ඝාතයෙන්,"
ව්‍යාපාර ය,ව්‍යාපාරය,2,43,ඇති වූ විනාශකාරී ව්‍යාපාර ය.
ක්‍රමය යි,ක්‍රමයයි,2,8,සාමාන්‍ය ශිෂ්ට සම්පන්න ක්‍රමය යි
ටෙලි නාට්‍යවල,ටෙලිනාට්‍යවල,2,3,එදා දීර්ඝ ටෙලි නාට්‍යවල
චිත්‍රපට වලට,චිත්‍රපටවලට,1,8,සටන් චිත්‍රපට වලට කැමති
ප්‍රබල යි,ප්‍රබලයි,1,7,ඉන්දියාව ඒ අතින් සෑහෙන්න ප්‍රබල යි.
ප්‍රධාන පෙලේ,ප්‍රධානපෙලේ,1,3,ඒක insurance agent එක්ක negotiate කරන්න. ලංකාවේ තියෙන මං හිතන්නේ ප්‍රධාන පෙලේ සියලුම insurance companies වල ඔය combination එක
සත්‍ය යයි,සත්‍යයයි,1,5,මේ කුඩා දරුවන් මේවා සත්‍ය යයි විශ්වාස කරයි
ප්‍රදේශ වල,ප්‍රදේශවල,1,60,එහෙනම් මොකක්ද ඇත්තටම මේ තියෙන්නෙ මේ ගණන් එයාල හදන්නෙ දැනට ඒ ඒ ප්‍රදේශ වල starlink use කරන අය පාවිච්චි කරන packages අනුව
ප්‍රදේශවල ට,ප්‍රදේශවලට,1,7,"හොඳයි, දෙවැනි ප්‍රශ්න පුතේ දුවේ බලන්න. මේ ප්‍රශ්න අහන්නේ නියගය සම්බන්ධයෙන්. නියඟය අපි දන්නවා අපේ විවිධ ප්‍රදේශවලට විශේෂ වියළි කලාපීය ප්‍රදේශවල ට බලපාන"
ක්‍රීඩා වල,ක්‍රීඩාවල,1,3,1984 වසරේ දී නේපාලයේ කත්මණ්දු වල දී එම ක්‍රීඩා වල මුල් වරට පැවැත් වූ අතර 2019 වන විට ක්‍රීඩා උළෙල දහතුන් වතාවක් පවත්වා තිබෙනවා
ප්‍රෝටීන වල,ප්‍රෝටීනවල,1,3,මේ තියෙන්නේ ප්‍රෝටීන වල වය්‍යූහයන් ඒ කියන්නේ කෘත්‍යයන් මතක තබා ගැනීමේ කෙටි ක්‍රමයක් හඳුන්වා දෙනවා
මාධ්‍ය වල,මාධ්‍යවල,1,4,ප්‍රාදේශීය සභාව පාර්ලිමේන්තු මැතිවරණය සහ සමාජ මාධ්‍ය වල එතකොට අර බොරුද යන්නේ. නෑ නෑ නෑ පර්ලිමේන්තු මැතිවරණය
ප්‍රශ්න වලින්,ප්‍රශ්නවලින්,1,8,දාන ප්‍රශ්නවලින් comments වල දාන ප්‍රශ්නවලින් whatsapp එකෙන් අහන ප්‍රශ්න වලින් සමහර වෙලාවට අපිට හිතෙනව අම්මා මෙහෙම කෑල්ලකුත් තියෙනවනේ මේකෙ අන්ඩ ඒකයි ඒක එහෙම එකක් අපි කතා කරමුනේ
ක්‍රම වල,ක්‍රමවල,1,6,එතකොට රවී එහෙනම් කොහොමද දැන් අපිට තියෙන සල්ලි නීත්‍යානුකූල ක්‍රම වල දාගත්තොත්. ඕකේ අපි
මිත්‍ර ශීලී,මිත්‍රශීලී,1,3,"""අබිමානවත් මහජන මිත්‍ර ශීලී"
අනවශ්‍ය ය,අනවශ්‍යය,1,3,වෙනත් අටුවාටීකා අනවශ්‍ය ය
ක්‍රියා කිරීමේ,ක්‍රියාකිරීමේ,1,3,"අනර්ථකාරි ක්‍රියා කිරීමේ ශක්තිය නැති වන බව,"
ජනප්‍රිය ය,ජනප්‍රියය,1,3,තව්තිසා වැසි දෙවියන් අතර බෙහෙවින් ජනප්‍රිය ය
පාප මිත්‍රයාගේ,පාපමිත්‍රයාගේ,1,3,පාප මිත්‍රයාගේ ඇසුර නිසා
ක්‍රියා කලාපයන්,ක්‍රියාකලාපයන්,1,3,තම සකල ක්‍රියා කලාපයන්
ප්‍රතිඵල ය,ප්‍රතිඵලය,1,60,බොහෝ අපරාධ එකී රෝගයේ ප්‍රතිඵල ය.
විශ්ව විද්‍යාලයෙන්,විශ්වවිද්‍යාලයෙන්,1,4,මම විශ්ව විද්‍යාලයෙන් සමුගත්තා.
ක්‍රියා කර,ක්‍රියාකර,1,4,සපුරා ගැනීමට ජනතාව ක්‍රියා කර තිබේද?
