wrong,correct
කියල,කියලා
කියන්නෙ,කියන්නේ
කරල,කරලා
කරන්නෙ,කරන්නේ
තියෙන්නෙ,තියෙන්නේ
පස්සෙ,පස්සේ
වෙන්නෙ,වෙන්නේ
කලා,කළා
සමග,සමඟ
ලංකාවෙ,ලංකාවේ
සියලු,සියළු
ඕනෙ,ඕනේ
තමන්ගෙ,තමන්ගේ
ඉන්නෙ,ඉන්නේ
යන්නෙ,යන්නේ
අලුත්,අළුත්
කාලෙ,කාලේ
තිබුණ,තිබුණා
එල,එළ
අදාල,අදාළ
දන්නෙ,දන්නේ
දාල,දාලා
මගින්,මඟින්
මේකෙ,මේකේ
මුලු,මුළු
භාවිත,භාවිතා
ගන්නෙ,ගන්නේ
තුලින්,තුළින්
තිබුණෙ,තිබුණේ
ඒකෙ,ඒකේ
බලල,බලලා
දීල,දීලා
හොදට,හොඳට
ඔයාගෙ,ඔයාගේ
ගත්තෙ,ගත්තේ
ගිහිල්ල,ගිහිල්ලා
හොදයි,හොඳයි
හිතන්නෙ,හිතන්නේ
එන්නෙ,එන්නේ
එයාගෙ,එයාගේ
හිටියෙ,හිටියේ
නෑනෙ,නෑනේ
ලැබෙන්නෙ,ලැබෙන්නේ
අම්ම,අම්මා
දෙන්නෙ,දෙන්නේ
කිව්වෙ,කිව්වේ
අහල,අහලා
ඇතුලත්,ඇතුළත්
මිථ්,මිත්
එලියට,එළියට
මග,මඟ
ආවෙ,ආවේ
දුන්නෙ,දුන්නේ
ඉදන්,ඉඳන්
ඇවිල්ල,ඇවිල්ලා
මොනව,මොනවා
ඉඳල,ඉඳලා
ඉදලා,ඉඳලා
ලෝකෙ,ලෝකේ
තිබ්බ,තිබ්බා
අතරෙ,අතරේ
හොදින්,හොඳින්
ඔයාල,ඔයාලා
ආයෙ,ආයේ
ඊලඟ,ඊළඟ
ඊයෙ,ඊයේ
පලවෙනි,පළවෙනි
දැකල,දැකලා
උඹල,උඹලා
ලියල,ලියලා
හදල,හදලා
ගහල,ගහලා
එමගින්,එමඟින්
පැත්තෙ,පැත්තේ
එයාල,එයාලා
කලොත්,කළොත්
පුලුවන්ද,පුළුවන්ද
නැත්තෙ,නැත්තේ
වෙලාවෙ,වෙලාවේ
එකග,එකඟ
පවුලෙ,පවුලේ
ගැටලු,ගැටළු
හිතල,හිතලා
ලඟට,ළඟට
බලන්නෙ,බලන්නේ
ඉස්සෙල්ල,ඉස්සෙල්ලා
ඊලඟට,ඊළඟට
හිතෙන්නෙ,හිතෙන්නේ
කලත්,කළත්
කතාවෙ,කතාවේ
ගෙ,ගේ
ඊළගට,ඊළඟට
වෙලාව,වේලාව
හදන්නෙ,හදන්නේ
කථාවේ,කතාවේ
යතා,යථා
අල්ල,අල්ලා
පාරෙ,පාරේ
දැක්කෙ,දැක්කේ
නැගී,නැඟී
කියවල,කියවලා
පැනල,පැනලා
නැහැනෙ,නැහැනේ
තේරෙන්නෙ,තේරෙන්නේ
ඇතුලේ,ඇතුළේ
රශ්නෙ,රශ්නේ
විදින,විඳින
තියල,තියලා
ඇතුලෙ,ඇතුළේ
අනුන්ගෙ,අනුන්ගේ
අසල,අසළ
ඉදල,ඉඳලා
උන්ගෙ,උන්ගේ
හොයල,හොයලා
වෙලාවක්,වේලාවක්
බරපතල,බරපතළ
ඉස්කෝලෙ,ඉස්කෝලේ
සමස්ථ,සමස්ත
ඇමරිකාවෙ,ඇමරිකාවේ
අයියෙ,අයියේ
ලැබිල,ලැබිලා
අලුතින්,අළුතින්
දාන්නෙ,දාන්නේ
හොදම,හොඳම
ඇතුලත,ඇතුළත
අක්ක,අක්කා
පේන්නෙ,පේන්නේ
ගැලපෙන,ගැළපෙන
එහෙ,එහේ
කලාට,කළාට
හුගක්,හුඟක්
තිබ්බෙ,තිබ්බේ
ඊලග,ඊළඟ
ඉහලින්,ඉහළින්
කොල,කොළ
ගැටලුවක්,ගැටළුවක්
දුරකථන,දුරකතන
ඉස්සරහ,ඉස්සරහා
කෙලින්,කෙළින්
විදිහෙ,විදිහේ
ජාතියෙ,ජාතියේ
පහලට,පහළට
තුලට,තුළට
දැම්මෙ,දැම්මේ
එයාලගෙ,එයාලගේ
ඇතුළෙ,ඇතුළේ
ඇතුලට,ඇතුළට
එලි,එළි
අහන්නෙ,අහන්නේ
දැනෙන්නෙ,දැනෙන්නේ
ලැබුව,ලැබුවා
ඔබල,ඔබලා
පිලිගන්නවා,පිළිගන්නවා
ලමයින්ට,ළමයින්ට
බැලුවෙ,බැලුවේ
මිනිහ,මිනිහා
අවුරුද්දෙ,අවුරුද්දේ
පෙන්නල,පෙන්නලා
කථාවට,කතාවට
විදියෙ,විදියේ
පිලි,පිළි
වැලකී,වැළකී
හොදේ,හොඳේ
ගොඩනගා,ගොඩනඟා
තිබුනෙ,තිබුනේ
කන්නෙ,කන්නේ
මොලේ,මොළේ
ආණ්ඩුවෙ,ආණ්ඩුවේ
මාසෙ,මාසේ
ලඟා,ළඟා
කවද,කවදා
බැහැල,බැහැලා
අදින්න,අඳින්න
හදුනාගත,හඳුනාගත
පෙන්න,පේන්න
ලියන්නෙ,ලියන්නේ
තරග,තරඟ
ළගා,ළඟා
ඔයාලගෙ,ඔයාලගේ
කියෙව්ව,කියෙව්වා
යාලුවෝ,යාළුවෝ
බදවා,බඳවා
උඹලගෙ,උඹලගේ
කෙනෙක්ගෙ,කෙනෙක්ගේ
අම්මල,අම්මලා
යවල,යවලා
කපල,කපලා
නගා,නඟා
එලකිරි,එළකිරි
පලාතේ,පළාතේ
ඕකෙ,ඕකේ
විදින්න,විඳින්න
ඇදගෙන,ඇඳගෙන
ගලව,ගලවා
යාලුවො,යාළුවො
අම්මගෙ,අම්මගේ
උනෙ,උනේ
දේපල,දේපළ
තිබිල,තිබිලා
කියවෙන්නෙ,කියවෙන්නේ
අහසෙ,අහසේ
දෙවියන්ගෙ,දෙවියන්ගේ
කරන්නෙත්,කරන්නේත්
කොහෙවත්,කොහේවත්
ඔලුවට,ඔළුවට
ලමයෙක්,ළමයෙක්
විහිලුවක්,විහිළුවක්
අතරමග,අතරමඟ
වැටෙන්නෙ,වැටෙන්නේ
හෙලා,හෙළා
ඊලගට,ඊළඟට
අදුරු,අඳුරු
මෙයාගෙ,මෙයාගේ
ගෙන්න,ගේන්න
පහලින්,පහළින්
මලුවේ,මළුවේ
පෙරලා,පෙරළා
අන්තිමෙදි,අන්තිමේදි
කථාවෙන්,කතාවෙන්
කිවුවෙ,කිවුවේ
පලතුරු,පළතුරු
පළාතෙ,පළාතේ
විසදුමක්,විසඳුමක්
මිනිස්සුන්ගෙ,මිනිස්සුන්ගේ
ස්ථූප,ස්තූප
හැදුවෙ,හැදුවේ
මදක්,මඳක්
අස්සෙ,අස්සේ
වැද,වැඳ
වැදුම්,වැඳුම්
ඇගට,ඇඟට
වැලඳ,වැළඳ
වයසෙ,වයසේ
හැගීමක්,හැඟීමක්
ලඟින්,ළඟින්
මීලඟට,මීළඟට
හැදිල,හැදිලා
මරල,මරලා
මුලා,මුළා
වෙන්නෙත්,වෙන්නේත්
සමගින්,සමඟින්
හුග,හුඟ
මෙත්ත,මෙත්තා
තියෙනවනෙ,තියෙනවනේ
තියන්නෙ,තියන්නේ
වෙලාවකට,වේලාවකට
නලු,නළු
පිළිවෙලක්,පිළිවෙළක්
වැසිකිලි,වැසිකිළි
අලු,අළු
අපරාදෙ,අපරාදේ
ලං,ළං
මගට,මඟට
විදීමට,විඳීමට
යුද්දෙ,යුද්දේ
කලාම,කළාම
මනසෙ,මනසේ
ලගට,ළඟට
හන්ද,හන්දා
හැගීම,හැඟීම
වැඩපිළිවෙලක්,වැඩපිළිවෙළක්
සැලකේ,සැළකේ
හෙල,හෙළ
මහලු,මහළු
නිලධාරින්,නිළධාරින්
කැලණි,කැළණි
උපදින්නෙ,උපදින්නේ
දුවල,දුවලා
විහිලු,විහිළු
පලියට,පළියට
පිදුම්,පිඳුම්
මෙමගින්,මෙමඟින්
යාලුවෙක්,යාළුවෙක්
ලග,ළග
කාගෙත්,කාගේත්
පලා,පළා
රසවිදින්න,රසවිඳින්න
බැද,බැඳ
සියලුම,සියළුම
මහගු,මහඟු
ගැහුව,ගැහුවා
මගුල්,මඟුල්
ගානෙ,ගානේ
දැනගත්තෙ,දැනගත්තේ
ලිව්වෙ,ලිව්වේ
සංසාරෙ,සංසාරේ
කලාද,කළාද
පාඩුවෙ,පාඩුවේ
කලෙමි,කළෙමි
ගහන්නෙ,ගහන්නේ
වචනෙ,වචනේ
හැරිල,හැරිලා
නවතින්නෙ,නවතින්නේ
නඟින්න,නගින්න
පලක්,පළක්
විදිමින්,විඳිමින්
ඊජිප්තුවෙ,ඊජිප්තුවේ
ඔලුවේ,ඔළුවේ
නැගිටල,නැගිටලා
පිළිගත්ත,පිළිගත්තා
නවත්තල,නවත්තලා
බැනල,බැනලා
නොමග,නොමඟ
බැංකුවෙ,බැංකුවේ
ඇහුවෙ,ඇහුවේ
හතලිස්,හතළිස්
මහෙස්ත්,මහේස්ත්
මෙයාල,මෙයාලා
ගෙනාව,ගෙනාවා
හුගාක්,හුඟාක්
එලම,එළම
පිළිවෙලකට,පිළිවෙළකට
වැඩපිළිවෙල,වැඩපිළිවෙළ
හරියන්නෙ,හරියන්නේ
සද්දෙ,සද්දේ
ඔබලාගෙ,ඔබලාගේ
බැඳිල,බැඳිලා
නැග,නැඟ
ඒවයෙ,ඒවයේ
කුරුලු,කුරුළු
ඔලුවෙ,ඔළුවේ
පලාත්වල,පළාත්වල
පෘථග්ජන,පෘතග්ජන
ගොඩනැඟිල්ල,ගොඩනැගිල්ල
හැදෙන්නෙ,හැදෙන්නේ
දන්නවනෙ,දන්නවනේ
දාගත්ත,දාගත්තා
හොදටම,හොඳටම
විසදා,විසඳා
වැඩෙන්නෙ,වැඩෙන්නේ
දෙන්නගෙ,දෙන්නගේ
පෙන්වන්නෙ,පෙන්වන්නේ
නෙලා,නෙළා
තාත්තල,තාත්තලා
විකුණ,විකුණා
ඇදල,ඇදලා
බල්ල,බල්ලා
මගක්,මඟක්
රැලි,රැළි
පෙන්නන්නෙ,පෙන්නන්නේ
ලගින්,ළඟින්
මැද්දෙ,මැද්දේ
තෙමා,තේමා
අදිනවා,අඳිනවා
වියලි,වියළි
ගෙනල්ල,ගෙනල්ලා
අයියල,අයියලා
ගෙවල,ගෙවලා
එංගලන්තෙ,එංගලන්තේ
කලකිරීමට,කළකිරීමට
මගුලක්,මඟුලක්
අයියගෙ,අයියගේ
තාත්තගෙ,තාත්තගේ
වින්ද,වින්දා
කොරල,කොරලා
ළමයින්ගෙ,ළමයින්ගේ
දුරකථනයෙන්,දුරකතනයෙන්
අයිනෙ,අයිනේ
පිළිවෙලට,පිළිවෙළට
එවුන්ගෙ,එවුන්ගේ
කියවන්නෙ,කියවන්නේ
බැදීම්,බැඳීම්
එළියෙ,එළියේ
වසරෙදි,වසරේදි
උබල,උබලා
දරල,දරලා
කරනවනෙ,කරනවනේ
මුන්ගෙ,මුන්ගේ
දැනුමෙ,දැනුමේ
පාලු,පාළු
කොන්ඩෙ,කොන්ඩේ
ගලපා,ගළපා
අල්ලන්නෙ,අල්ලන්නේ
සැගවුණු,සැඟවුණු
බලපාන්නෙ,බලපාන්නේ
හැමතිස්සෙ,හැමතිස්සේ
ලබල,ලබලා
බිලා,බිල
බිහිකල,බිහිකළ
රැල,රැළ
දේපොල,දේපොළ
තමුන්ගෙ,තමුන්ගේ
කරවල,කරවලා
ඇවිදල,ඇවිදලා
රාලහාමි,රාළහාමි
තියනවනෙ,තියනවනේ
ආත්මෙ,ආත්මේ
සැල,සැළ
ගොඩනැගෙන,ගොඩනැඟෙන
හාමිනේගෙ,හාමිනේගේ
සදහනක්,සඳහනක්
පිටිපස්සෙ,පිටිපස්සේ
තට්ටෙ,තට්ටේ
යුවලට,යුවළට
සමගය,සමඟය
වෙලාම,වේලාම
එලියේ,එළියේ
හුලං,හුළං
ඇත්තන්ගෙ,ඇත්තන්ගේ
වික්ටර්ගෙ,වික්ටර්ගේ
ඇල්ලුව,ඇල්ලුවා
හම්බෙන්නෙ,හම්බෙන්නේ
නෙහ්,නේහ්
වෙලාවකින්,වේලාවකින්
ගේන්නෙ,ගේන්නේ
අඳින්නෙ,අඳින්නේ
රැවටෙනව,රැවටෙනවා
